College Code,College Name,Branch Code,Branch Name,Intake Capacity
01002,"Government College of Engineering, Amravati",0100219110,Civil Engineering,60
01002,"Government College of Engineering, Amravati",0100224210,Computer Science and Engineering,60
01002,"Government College of Engineering, Amravati",0100224610,Information Technology,60
01002,"Government College of Engineering, Amravati",0100229310,Electrical Engineering,60
01002,"Government College of Engineering, Amravati",0100237210,Electronics and Telecommunication Engg,60
01002,"Government College of Engineering, Amravati",0100246610,Instrumentation Engineering,30
01002,"Government College of Engineering, Amravati",0100261210,Mechanical Engineering,60
01105,"Prof. Ram Meghe Institute of Technology & Research, Amravati",0110519110,Civil Engineering,120
01105,"Prof. Ram Meghe Institute of Technology & Research, Amravati",0110524210,Computer Science and Engineering,180
01105,"Prof. Ram Meghe Institute of Technology & Research, Amravati",0110524610,Information Technology,180
01105,"Prof. Ram Meghe Institute of Technology & Research, Amravati",0110526310,Artificial Intelligence (AI) and Data Science,120
01105,"Prof. Ram Meghe Institute of Technology & Research, Amravati",0110526710,Computer Science and Engineering (IoT),60
01105,"Prof. Ram Meghe Institute of Technology & Research, Amravati",0110537210,Electronics and Telecommunication Engg,120
01105,"Prof. Ram Meghe Institute of Technology & Research, Amravati",0110561210,Mechanical Engineering,120
01107,"P. R. Pote Patil College of Engineering & Management, Amravati",0110719110,Civil Engineering,60
01107,"P. R. Pote Patil College of Engineering & Management, Amravati",0110724210,Computer Science and Engineering,180
01107,"P. R. Pote Patil College of Engineering & Management, Amravati",0110729310,Electrical Engineering,60
01107,"P. R. Pote Patil College of Engineering & Management, Amravati",0110737210,Electronics and Telecommunication Engg,60
01107,"P. R. Pote Patil College of Engineering & Management, Amravati",0110761210,Mechanical Engineering,60
01107,"P. R. Pote Patil College of Engineering & Management, Amravati",0110791110,"Computer Science and Engineering(Artificial
Intelligence and Machine Learning)",180
01107,"P. R. Pote Patil College of Engineering & Management, Amravati",0110799510,Artificial Intelligence and Data Science,180
01114,"Sipna Shikshan Prasarak Mandal College of Engineering & Technology, Amravati",0111419110,Civil Engineering,60
01114,"Sipna Shikshan Prasarak Mandal College of Engineering & Technology, Amravati",0111424210,Computer Science and Engineering,180
01114,"Sipna Shikshan Prasarak Mandal College of Engineering & Technology, Amravati",0111424610,Information Technology,120
01114,"Sipna Shikshan Prasarak Mandal College of Engineering & Technology, Amravati",0111426310,Artificial Intelligence (AI) and Data Science,60
01114,"Sipna Shikshan Prasarak Mandal College of Engineering & Technology, Amravati",0111437210,Electronics and Telecommunication Engg,120
01114,"Sipna Shikshan Prasarak Mandal College of Engineering & Technology, Amravati",0111461210,Mechanical Engineering,60
01120,"Jawaharlal Darda Institute of Engineering and Technology, Yavatmal",0112019110,Civil Engineering,60
01120,"Jawaharlal Darda Institute of Engineering and Technology, Yavatmal",0112024210,Computer Science and Engineering,120
01120,"Jawaharlal Darda Institute of Engineering and Technology, Yavatmal",0112029310,Electrical Engineering,60
01120,"Jawaharlal Darda Institute of Engineering and Technology, Yavatmal",0112037210,Electronics and Telecommunication Engg,30
01120,"Jawaharlal Darda Institute of Engineering and Technology, Yavatmal",0112050710,Chemical Engineering,30
01120,"Jawaharlal Darda Institute of Engineering and Technology, Yavatmal",0112061210,Mechanical Engineering,60
01120,"Jawaharlal Darda Institute of Engineering and Technology, Yavatmal",0112089310,Textile Engineering / Technology,30
01127,"Jagadambha Bahuuddeshiya Gramin Vikas Sanstha's Jagdambha College of Engineering and Technology, Yavatmal",0112719110,Civil Engineering,60
01127,"Jagadambha Bahuuddeshiya Gramin Vikas Sanstha's Jagdambha College of Engineering and Technology, Yavatmal",0112724210,Computer Science and Engineering,120
01127,"Jagadambha Bahuuddeshiya Gramin Vikas Sanstha's Jagdambha College of Engineering and Technology, Yavatmal",0112724510,Computer Engineering,120
01127,"Jagadambha Bahuuddeshiya Gramin Vikas Sanstha's Jagdambha College of Engineering and Technology, Yavatmal",0112729310,Electrical Engineering,60
01127,"Jagadambha Bahuuddeshiya Gramin Vikas Sanstha's Jagdambha College of Engineering and Technology, Yavatmal",0112737210,Electronics and Telecommunication Engg,60
01127,"Jagadambha Bahuuddeshiya Gramin Vikas Sanstha's Jagdambha College of Engineering and Technology, Yavatmal",0112761210,Mechanical Engineering,60
01127,"Jagadambha Bahuuddeshiya Gramin Vikas Sanstha's Jagdambha College of Engineering and Technology, Yavatmal",0112799510,Artificial Intelligence and Data Science,60
02008,"Government College of Engineering, Chhatrapati Sambhajinagar",0200819110,Civil Engineering,60
02008,"Government College of Engineering, Chhatrapati Sambhajinagar",0200824210,Computer Science and Engineering,60
02008,"Government College of Engineering, Chhatrapati Sambhajinagar",0200824610,Information Technology,60
02008,"Government College of Engineering, Chhatrapati Sambhajinagar",0200829310,Electrical Engineering,60
02008,"Government College of Engineering, Chhatrapati Sambhajinagar",0200837210,Electronics and Telecommunication Engg,60
02008,"Government College of Engineering, Chhatrapati Sambhajinagar",0200861210,Mechanical Engineering,60
02020,"Shri Guru Gobind Singhji Institute of Engineering and Technology, Nanded",0202019110,Civil Engineering,60
02020,"Shri Guru Gobind Singhji Institute of Engineering and Technology, Nanded",0202024210,Computer Science and Engineering,120
02020,"Shri Guru Gobind Singhji Institute of Engineering and Technology, Nanded",0202024610,Information Technology,60
02020,"Shri Guru Gobind Singhji Institute of Engineering and Technology, Nanded",0202029310,Electrical Engineering,30
02020,"Shri Guru Gobind Singhji Institute of Engineering and Technology, Nanded",0202037210,Electronics and Telecommunication Engg,120
02020,"Shri Guru Gobind Singhji Institute of Engineering and Technology, Nanded",0202046610,Instrumentation Engineering,40
02020,"Shri Guru Gobind Singhji Institute of Engineering and Technology, Nanded",0202050710,Chemical Engineering,30
02020,"Shri Guru Gobind Singhji Institute of Engineering and Technology, Nanded",0202060610,Production Engineering,60
02020,"Shri Guru Gobind Singhji Institute of Engineering and Technology, Nanded",0202061210,Mechanical Engineering,60
02020,"Shri Guru Gobind Singhji Institute of Engineering and Technology, Nanded",0202089610,Textile Technology,30
02032,"Institute of Chemical Technology, Mumbai Marathwada off campus, Jalna",0203290410,Chemical Engineering,60
02113,"G. S. Mandal's Maharashtra Institute of Technology, Aurangabad",0211301110,Agricultural Engineering,30
02113,"G. S. Mandal's Maharashtra Institute of Technology, Aurangabad",0211319110,Civil Engineering,120
02113,"G. S. Mandal's Maharashtra Institute of Technology, Aurangabad",0211324210,Computer Science and Engineering,360
02113,"G. S. Mandal's Maharashtra Institute of Technology, Aurangabad",0211325710,Computer Science and Design,120
02113,"G. S. Mandal's Maharashtra Institute of Technology, Aurangabad",0211326310,Artificial Intelligence (AI) and Data Science,120
02113,"G. S. Mandal's Maharashtra Institute of Technology, Aurangabad",0211329310,Electrical Engineering,120
02113,"G. S. Mandal's Maharashtra Institute of Technology, Aurangabad",0211337210,Electronics and Telecommunication Engg,120
02113,"G. S. Mandal's Maharashtra Institute of Technology, Aurangabad",0211350110,Plastic and Polymer Engineering,60
02113,"G. S. Mandal's Maharashtra Institute of Technology, Aurangabad",0211361210,Mechanical Engineering,120
02113,"G. S. Mandal's Maharashtra Institute of Technology, Aurangabad",0211362410,Mechatronics Engineering,60
02113,"G. S. Mandal's Maharashtra Institute of Technology, Aurangabad",0211384410,Electronics and Computer Engineering,120
02114,"Deogiri Institute of Engineering and Management Studies, Aurangabad",0211419110,Civil Engineering,120
02114,"Deogiri Institute of Engineering and Management Studies, Aurangabad",0211424210,Computer Science and Engineering,120
02114,"Deogiri Institute of Engineering and Management Studies, Aurangabad",0211437210,Electronics and Telecommunication Engg,120
02114,"Deogiri Institute of Engineering and Management Studies, Aurangabad",0211461210,Mechanical Engineering,120
02114,"Deogiri Institute of Engineering and Management Studies, Aurangabad",0211491110,"Computer Science and Engineering(Artificial
Intelligence and Machine Learning)",60
02134,"Peoples Education Society's College of Engineering, Aurangabad",0213419110,Civil Engineering,60
02134,"Peoples Education Society's College of Engineering, Aurangabad",0213424210,Computer Science and Engineering,60
02134,"Peoples Education Society's College of Engineering, Aurangabad",0213429310,Electrical Engineering,60
02134,"Peoples Education Society's College of Engineering, Aurangabad",0213437810,"Electronics Engineering ( VLSI Design and
Technology)",60
02134,"Peoples Education Society's College of Engineering, Aurangabad",0213461210,Mechanical Engineering,60
02134,"Peoples Education Society's College of Engineering, Aurangabad",0213484410,Electronics and Computer Engineering,60
02134,"Peoples Education Society's College of Engineering, Aurangabad",0213491210,Computer Science and Engineering(Data Science),60
03012,"Veermata Jijabai Technological Institute(VJTI), Matunga, Mumbai",0301219110,Civil Engineering,60
03012,"Veermata Jijabai Technological Institute(VJTI), Matunga, Mumbai",0301224510,Computer Engineering,60
03012,"Veermata Jijabai Technological Institute(VJTI), Matunga, Mumbai",0301224610,Information Technology,60
03012,"Veermata Jijabai Technological Institute(VJTI), Matunga, Mumbai",0301229310,Electrical Engineering,60
03012,"Veermata Jijabai Technological Institute(VJTI), Matunga, Mumbai",0301237210,Electronics and Telecommunication Engg,60
03012,"Veermata Jijabai Technological Institute(VJTI), Matunga, Mumbai",0301237610,Electronics Engineering,60
03012,"Veermata Jijabai Technological Institute(VJTI), Matunga, Mumbai",0301261210,Mechanical Engineering,60
03012,"Veermata Jijabai Technological Institute(VJTI), Matunga, Mumbai",0301262610,Production Engineering[Sandwich],60
03012,"Veermata Jijabai Technological Institute(VJTI), Matunga, Mumbai",0301289610,Textile Technology,60
03014,"Sardar Patel College of Engineering, Andheri",0301419110,Civil Engineering,60
03014,"Sardar Patel College of Engineering, Andheri",0301429310,Electrical Engineering,60
03014,"Sardar Patel College of Engineering, Andheri",0301461210,Mechanical Engineering,60
03036,"Institute of Chemical Technology, Matunga, Mumbai",0303650710,Chemical Engineering,75
03036,"Institute of Chemical Technology, Matunga, Mumbai",0303651110,Dyestuff Technology,18
03036,"Institute of Chemical Technology, Matunga, Mumbai",0303651210,"Oil,Oleochemicals and Surfactants Technology",16
03036,"Institute of Chemical Technology, Matunga, Mumbai",0303651310,Pharmaceuticals Chemistry and Technology,18
03036,"Institute of Chemical Technology, Matunga, Mumbai",0303651410,Fibres and Textile Processing Technology,34
03036,"Institute of Chemical Technology, Matunga, Mumbai",0303651910,Polymer Engineering and Technology,16
03036,"Institute of Chemical Technology, Matunga, Mumbai",0303653410,Food Engineering and Technology,16
03036,"Institute of Chemical Technology, Matunga, Mumbai",0303672910,Surface Coating Technology,16
03139,"Vidyalankar Institute of Technology,Wadala, Mumbai",0313924510,Computer Engineering,180
03139,"Vidyalankar Institute of Technology,Wadala, Mumbai",0313924610,Information Technology,180
03139,"Vidyalankar Institute of Technology,Wadala, Mumbai",0313937210,Electronics and Telecommunication Engg,120
03139,"Vidyalankar Institute of Technology,Wadala, Mumbai",0313946110,Bio Medical Engineering,60
03139,"Vidyalankar Institute of Technology,Wadala, Mumbai",0313990010,Electronics and Computer Science,120
03148,"Mahavir Education Trust's Shah & Anchor Kutchhi Engineering College, Mumbai",0314824510,Computer Engineering,180
03148,"Mahavir Education Trust's Shah & Anchor Kutchhi Engineering College, Mumbai",0314824610,Information Technology,120
03148,"Mahavir Education Trust's Shah & Anchor Kutchhi Engineering College, Mumbai",0314825210,Cyber Security,60
03148,"Mahavir Education Trust's Shah & Anchor Kutchhi Engineering College, Mumbai",0314837210,Electronics and Telecommunication Engg,60
03148,"Mahavir Education Trust's Shah & Anchor Kutchhi Engineering College, Mumbai",0314837810,"Electronics Engineering ( VLSI Design and
Technology)",60
03148,"Mahavir Education Trust's Shah & Anchor Kutchhi Engineering College, Mumbai",0314890010,Electronics and Computer Science,120
03148,"Mahavir Education Trust's Shah & Anchor Kutchhi Engineering College, Mumbai",0314893310,"Electronics and Communication (Advanced
Communication Technology)",60
03148,"Mahavir Education Trust's Shah & Anchor Kutchhi Engineering College, Mumbai",0314899510,Artificial Intelligence and Data Science,60
03154,"Saraswati Education Society's Saraswati College of Engineering,Kharghar Navi Mumbai",0315419110,Civil Engineering,90
03154,"Saraswati Education Society's Saraswati College of Engineering,Kharghar Navi Mumbai",0315424510,Computer Engineering,120
03154,"Saraswati Education Society's Saraswati College of Engineering,Kharghar Navi Mumbai",0315424610,Information Technology,120
03154,"Saraswati Education Society's Saraswati College of Engineering,Kharghar Navi Mumbai",0315460210,Automobile Engineering,30
03154,"Saraswati Education Society's Saraswati College of Engineering,Kharghar Navi Mumbai",0315461210,Mechanical Engineering,60
03154,"Saraswati Education Society's Saraswati College of Engineering,Kharghar Navi Mumbai",0315491110,"Computer Science and Engineering(Artificial
Intelligence and Machine Learning)",120
03154,"Saraswati Education Society's Saraswati College of Engineering,Kharghar Navi Mumbai",0315491210,Computer Science and Engineering(Data Science),60
03176,"Thakur College of Engineering and Technology, Kandivali, Mumbai",0317626710,Computer Science and Engineering (IoT),120
03176,"Thakur College of Engineering and Technology, Kandivali, Mumbai",0317692110,Artificial Intelligence and Machine Learning,240
03176,"Thakur College of Engineering and Technology, Kandivali, Mumbai",0317699510,Artificial Intelligence and Data Science,240
03176,"Thakur College of Engineering and Technology, Kandivali, Mumbai",0317619110,Civil Engineering,60
03176,"Thakur College of Engineering and Technology, Kandivali, Mumbai",0317624510,Computer Engineering,240
03176,"Thakur College of Engineering and Technology, Kandivali, Mumbai",0317624610,Information Technology,240
03176,"Thakur College of Engineering and Technology, Kandivali, Mumbai",0317625910,"Mechanical and Mechatronics Engineering (Additive
Manufacturing)",60
03176,"Thakur College of Engineering and Technology, Kandivali, Mumbai",0317637210,Electronics and Telecommunication Engg,120
03176,"Thakur College of Engineering and Technology, Kandivali, Mumbai",0317661210,Mechanical Engineering,60
03176,"Thakur College of Engineering and Technology, Kandivali, Mumbai",0317690010,Electronics and Computer Science,60
03176,"Thakur College of Engineering and Technology, Kandivali, Mumbai",0317691010,Computer Science and Engineering(Cyber Security),180
03184,"Fr. Conceicao Rodrigues College of Engineering, Bandra,Mumbai",0318424210,Computer Science and Engineering,180
03184,"Fr. Conceicao Rodrigues College of Engineering, Bandra,Mumbai",0318424510,Computer Engineering,180
03184,"Fr. Conceicao Rodrigues College of Engineering, Bandra,Mumbai",0318461210,Mechanical Engineering,60
03184,"Fr. Conceicao Rodrigues College of Engineering, Bandra,Mumbai",0318490010,Electronics and Computer Science,60
03185,"Vivekanand Education Society's Institute of Technology, Chembur, Mumbai",0318524510,Computer Engineering,180
03185,"Vivekanand Education Society's Institute of Technology, Chembur, Mumbai",0318524610,Information Technology,180
03185,"Vivekanand Education Society's Institute of Technology, Chembur, Mumbai",0318537210,Electronics and Telecommunication Engg,120
03185,"Vivekanand Education Society's Institute of Technology, Chembur, Mumbai",0318590010,Electronics and Computer Science,60
03185,"Vivekanand Education Society's Institute of Technology, Chembur, Mumbai",0318591610,Automation and Robotics,60
03185,"Vivekanand Education Society's Institute of Technology, Chembur, Mumbai",0318599510,Artificial Intelligence and Data Science,120
03192,"Smt. Indira Gandhi College of Engineering, Navi Mumbai",0319224510,Computer Engineering,120
03192,"Smt. Indira Gandhi College of Engineering, Navi Mumbai",0319226310,Artificial Intelligence (AI) and Data Science,60
03192,"Smt. Indira Gandhi College of Engineering, Navi Mumbai",0319229310,Electrical Engineering,60
03192,"Smt. Indira Gandhi College of Engineering, Navi Mumbai",0319261210,Mechanical Engineering,60
03192,"Smt. Indira Gandhi College of Engineering, Navi Mumbai",0319291110,"Computer Science and Engineering(Artificial
Intelligence and Machine Learning)",60
03192,"Smt. Indira Gandhi College of Engineering, Navi Mumbai",0319292010,"Computer Science and Engineering (Internet of
Things and Cyber Security Including Block Chain
Technology)",60
03196,"Lokmanya Tilak College of Engineering, Kopar Khairane, Navi Mumbai",0319624510,Computer Engineering,180
03196,"Lokmanya Tilak College of Engineering, Kopar Khairane, Navi Mumbai",0319629310,Electrical Engineering,60
03196,"Lokmanya Tilak College of Engineering, Kopar Khairane, Navi Mumbai",0319637210,Electronics and Telecommunication Engg,120
03196,"Lokmanya Tilak College of Engineering, Kopar Khairane, Navi Mumbai",0319661210,Mechanical Engineering,60
03196,"Lokmanya Tilak College of Engineering, Kopar Khairane, Navi Mumbai",0319691110,"Computer Science and Engineering(Artificial
Intelligence and Machine Learning)",120
03196,"Lokmanya Tilak College of Engineering, Kopar Khairane, Navi Mumbai",0319691210,Computer Science and Engineering(Data Science),60
03196,"Lokmanya Tilak College of Engineering, Kopar Khairane, Navi Mumbai",0319692010,"Computer Science and Engineering (Internet of
Things and Cyber Security Including Block Chain
Technology)",60
03197,"Agnel Charities' FR. C. Rodrigues Institute of Technology, Vashi, Navi Mumbai",0319724210,Computer Science and Engineering,120
03197,"Agnel Charities' FR. C. Rodrigues Institute of Technology, Vashi, Navi Mumbai",0319724510,Computer Engineering,120
03197,"Agnel Charities' FR. C. Rodrigues Institute of Technology, Vashi, Navi Mumbai",0319729310,Electrical Engineering,60
03197,"Agnel Charities' FR. C. Rodrigues Institute of Technology, Vashi, Navi Mumbai",0319737210,Electronics and Telecommunication Engg,60
03197,"Agnel Charities' FR. C. Rodrigues Institute of Technology, Vashi, Navi Mumbai",0319761210,Mechanical Engineering,120
03199,"Shri Vile Parle Kelvani Mandal's Dwarkadas J. Sanghvi College of Engineering, Vile Parle,Mumbai",0319924510,Computer Engineering,180
03199,"Shri Vile Parle Kelvani Mandal's Dwarkadas J. Sanghvi College of Engineering, Vile Parle,Mumbai",0319924610,Information Technology,180
03199,"Shri Vile Parle Kelvani Mandal's Dwarkadas J. Sanghvi College of Engineering, Vile Parle,Mumbai",0319926310,Artificial Intelligence (AI) and Data Science,60
03199,"Shri Vile Parle Kelvani Mandal's Dwarkadas J. Sanghvi College of Engineering, Vile Parle,Mumbai",0319937210,Electronics and Telecommunication Engg,180
03199,"Shri Vile Parle Kelvani Mandal's Dwarkadas J. Sanghvi College of Engineering, Vile Parle,Mumbai",0319961210,Mechanical Engineering,180
03199,"Shri Vile Parle Kelvani Mandal's Dwarkadas J. Sanghvi College of Engineering, Vile Parle,Mumbai",0319991210,Computer Science and Engineering(Data Science),180
03199,"Shri Vile Parle Kelvani Mandal's Dwarkadas J. Sanghvi College of Engineering, Vile Parle,Mumbai",0319992010,"Computer Science and Engineering (Internet of
Things and Cyber Security Including Block Chain
Technology)",60
03199,"Shri Vile Parle Kelvani Mandal's Dwarkadas J. Sanghvi College of Engineering, Vile Parle,Mumbai",0319992110,Artificial Intelligence and Machine Learning,120
03204,"St. Francis Institute of Technology,Borivali, Mumbai",0320424510,Computer Engineering,180
03204,"St. Francis Institute of Technology,Borivali, Mumbai",0320424610,Information Technology,120
03204,"St. Francis Institute of Technology,Borivali, Mumbai",0320429310,Electrical Engineering,60
03204,"St. Francis Institute of Technology,Borivali, Mumbai",0320437210,Electronics and Telecommunication Engg,120
03204,"St. Francis Institute of Technology,Borivali, Mumbai",0320461210,Mechanical Engineering,60
03204,"St. Francis Institute of Technology,Borivali, Mumbai",0320490010,Electronics and Computer Science,60
03204,"St. Francis Institute of Technology,Borivali, Mumbai",0320492110,Artificial Intelligence and Machine Learning,60
03207,"Mahatma Education Society's Pillai College of Engineering, New Panvel",0320724510,Computer Engineering,180
03207,"Mahatma Education Society's Pillai College of Engineering, New Panvel",0320724610,Information Technology,120
03207,"Mahatma Education Society's Pillai College of Engineering, New Panvel",0320737210,Electronics and Telecommunication Engg,120
03207,"Mahatma Education Society's Pillai College of Engineering, New Panvel",0320760210,Automobile Engineering,60
03207,"Mahatma Education Society's Pillai College of Engineering, New Panvel",0320761210,Mechanical Engineering,60
03207,"Mahatma Education Society's Pillai College of Engineering, New Panvel",0320790010,Electronics and Computer Science,120
03208,"Don Bosco Institute of Technology, Mumbai",0320824510,Computer Engineering,180
03208,"Don Bosco Institute of Technology, Mumbai",0320824610,Information Technology,60
03208,"Don Bosco Institute of Technology, Mumbai",0320837210,Electronics and Telecommunication Engg,60
03208,"Don Bosco Institute of Technology, Mumbai",0320861210,Mechanical Engineering,60
03211,"S.I.E.S. Graduate School of Technology, Nerul, Navi Mumbai",0321124510,Computer Engineering,180
03211,"S.I.E.S. Graduate School of Technology, Nerul, Navi Mumbai",0321124610,Information Technology,120
03211,"S.I.E.S. Graduate School of Technology, Nerul, Navi Mumbai",0321126310,Artificial Intelligence (AI) and Data Science,120
03211,"S.I.E.S. Graduate School of Technology, Nerul, Navi Mumbai",0321137210,Electronics and Telecommunication Engg,60
03211,"S.I.E.S. Graduate School of Technology, Nerul, Navi Mumbai",0321190010,Electronics and Computer Science,60
03211,"S.I.E.S. Graduate School of Technology, Nerul, Navi Mumbai",0321192010,"Computer Science and Engineering (Internet of
Things and Cyber Security Including Block Chain
Technology)",60
03211,"S.I.E.S. Graduate School of Technology, Nerul, Navi Mumbai",0321192110,Artificial Intelligence and Machine Learning,60
03214,"Xavier Institute Of Engineering C/O Xavier Technical Institute,Mahim,Mumbai",0321424510,Computer Engineering,120
03214,"Xavier Institute Of Engineering C/O Xavier Technical Institute,Mahim,Mumbai",0321424610,Information Technology,60
03214,"Xavier Institute Of Engineering C/O Xavier Technical Institute,Mahim,Mumbai",0321484410,Electronics and Computer Engineering,30
03214,"Xavier Institute Of Engineering C/O Xavier Technical Institute,Mahim,Mumbai",0321492010,"Computer Science and Engineering (Internet of
Things and Cyber Security Including Block Chain
Technology)",90
03215,"Bhartiya Vidya Bhavan's Sardar Patel Institute of Technology , Andheri, Mumbai",0321524210,Computer Science and Engineering,120
03215,"Bhartiya Vidya Bhavan's Sardar Patel Institute of Technology , Andheri, Mumbai",0321524510,Computer Engineering,240
03215,"Bhartiya Vidya Bhavan's Sardar Patel Institute of Technology , Andheri, Mumbai",0321537210,Electronics and Telecommunication Engg,120
03218,"Aldel Education Trust's St. John College of Engineering & Management, Vevoor, Palghar",0321819110,Civil Engineering,60
03218,"Aldel Education Trust's St. John College of Engineering & Management, Vevoor, Palghar",0321824510,Computer Engineering,120
03218,"Aldel Education Trust's St. John College of Engineering & Management, Vevoor, Palghar",0321824610,Information Technology,60
03218,"Aldel Education Trust's St. John College of Engineering & Management, Vevoor, Palghar",0321861210,Mechanical Engineering,60
03218,"Aldel Education Trust's St. John College of Engineering & Management, Vevoor, Palghar",0321890010,Electronics and Computer Science,60
03218,"Aldel Education Trust's St. John College of Engineering & Management, Vevoor, Palghar",0321891210,Computer Science and Engineering(Data Science),60
03218,"Aldel Education Trust's St. John College of Engineering & Management, Vevoor, Palghar",0321892110,Artificial Intelligence and Machine Learning,60
03223,"Mahatma Education Society's Pillai HOC College of Engineering & Technology, Tal. Khalapur. Dist. Raigad",0322319110,Civil Engineering,60
03223,"Mahatma Education Society's Pillai HOC College of Engineering & Technology, Tal. Khalapur. Dist. Raigad",0322324510,Computer Engineering,180
03223,"Mahatma Education Society's Pillai HOC College of Engineering & Technology, Tal. Khalapur. Dist. Raigad",0322324610,Information Technology,120
03223,"Mahatma Education Society's Pillai HOC College of Engineering & Technology, Tal. Khalapur. Dist. Raigad",0322361210,Mechanical Engineering,60
03223,"Mahatma Education Society's Pillai HOC College of Engineering & Technology, Tal. Khalapur. Dist. Raigad",0322390010,Electronics and Computer Science,60
03223,"Mahatma Education Society's Pillai HOC College of Engineering & Technology, Tal. Khalapur. Dist. Raigad",0322392610,Electrical and Computer Engineering,60
03223,"Mahatma Education Society's Pillai HOC College of Engineering & Technology, Tal. Khalapur. Dist. Raigad",0322399510,Artificial Intelligence and Data Science,60
03423,"Shree L.R. Tiwari College of Engineering, Mira Road, Mumbai",0342324510,Computer Engineering,240
03423,"Shree L.R. Tiwari College of Engineering, Mira Road, Mumbai",0342324610,Information Technology,240
03423,"Shree L.R. Tiwari College of Engineering, Mira Road, Mumbai",0342325810,Civil Engineering with Computer Application,30
03423,"Shree L.R. Tiwari College of Engineering, Mira Road, Mumbai",0342337210,Electronics and Telecommunication Engg,60
03423,"Shree L.R. Tiwari College of Engineering, Mira Road, Mumbai",0342361210,Mechanical Engineering,30
03423,"Shree L.R. Tiwari College of Engineering, Mira Road, Mumbai",0342390010,Electronics and Computer Science,120
03439,"Anjuman-I-Islam's Kalsekar Technical Campus, Panvel",0343919110,Civil Engineering,30
03439,"Anjuman-I-Islam's Kalsekar Technical Campus, Panvel",0343924510,Computer Engineering,120
03439,"Anjuman-I-Islam's Kalsekar Technical Campus, Panvel",0343961210,Mechanical Engineering,60
03439,"Anjuman-I-Islam's Kalsekar Technical Campus, Panvel",0343990010,Electronics and Computer Science,60
03439,"Anjuman-I-Islam's Kalsekar Technical Campus, Panvel",0343991110,"Computer Science and Engineering(Artificial
Intelligence and Machine Learning)",120
03439,"Anjuman-I-Islam's Kalsekar Technical Campus, Panvel",0343991210,Computer Science and Engineering(Data Science),60
03439,"Anjuman-I-Islam's Kalsekar Technical Campus, Panvel",0343992610,Electrical and Computer Engineering,60
04104,"Kavi Kulguru Institute of Technology & Science, Ramtek",0410419110,Civil Engineering,60
04104,"Kavi Kulguru Institute of Technology & Science, Ramtek",0410424610,Information Technology,60
04104,"Kavi Kulguru Institute of Technology & Science, Ramtek",0410425110,Computer Technology,120
04104,"Kavi Kulguru Institute of Technology & Science, Ramtek",0410429310,Electrical Engineering,60
04104,"Kavi Kulguru Institute of Technology & Science, Ramtek",0410437010,Electronics and Communication Engineering,60
04104,"Kavi Kulguru Institute of Technology & Science, Ramtek",0410461210,Mechanical Engineering,60
04104,"Kavi Kulguru Institute of Technology & Science, Ramtek",0410490010,Electronics and Computer Science,60
04104,"Kavi Kulguru Institute of Technology & Science, Ramtek",0410491110,"Computer Science and Engineering(Artificial
Intelligence and Machine Learning)",60
04116,"Ankush Shikshan Sanstha's G.H.Raisoni College of Engineering, Nagpur",0411619110,Civil Engineering,60
04116,"Ankush Shikshan Sanstha's G.H.Raisoni College of Engineering, Nagpur",0411624210,Computer Science and Engineering,180
04116,"Ankush Shikshan Sanstha's G.H.Raisoni College of Engineering, Nagpur",0411624610,Information Technology,180
04116,"Ankush Shikshan Sanstha's G.H.Raisoni College of Engineering, Nagpur",0411626010,Computer Science and Engineering (Cyber Security),60
04116,"Ankush Shikshan Sanstha's G.H.Raisoni College of Engineering, Nagpur",0411626710,Computer Science and Engineering (IoT),60
04116,"Ankush Shikshan Sanstha's G.H.Raisoni College of Engineering, Nagpur",0411629310,Electrical Engineering,60
04116,"Ankush Shikshan Sanstha's G.H.Raisoni College of Engineering, Nagpur",0411637210,Electronics and Telecommunication Engg,60
04116,"Ankush Shikshan Sanstha's G.H.Raisoni College of Engineering, Nagpur",0411637610,Electronics Engineering,60
04116,"Ankush Shikshan Sanstha's G.H.Raisoni College of Engineering, Nagpur",0411661210,Mechanical Engineering,60
04116,"Ankush Shikshan Sanstha's G.H.Raisoni College of Engineering, Nagpur",0411691110,"Computer Science and Engineering(Artificial
Intelligence and Machine Learning)",180
04116,"Ankush Shikshan Sanstha's G.H.Raisoni College of Engineering, Nagpur",0411691310,"Computer Science and Engineering (Artificial
Intelligence)",120
04116,"Ankush Shikshan Sanstha's G.H.Raisoni College of Engineering, Nagpur",0411691710,Data Science,60
04116,"Ankush Shikshan Sanstha's G.H.Raisoni College of Engineering, Nagpur",0411699710,Artificial Intelligence,120
04123,"Lokmanya Tilak Jankalyan Shikshan Sanstha, Priyadarshani College of Engineering, Nagpur",0412300210,Aeronautical Engineering,60
04123,"Lokmanya Tilak Jankalyan Shikshan Sanstha, Priyadarshani College of Engineering, Nagpur",0412308210,Bio Technology,60
04123,"Lokmanya Tilak Jankalyan Shikshan Sanstha, Priyadarshani College of Engineering, Nagpur",0412319110,Civil Engineering,120
04123,"Lokmanya Tilak Jankalyan Shikshan Sanstha, Priyadarshani College of Engineering, Nagpur",0412324210,Computer Science and Engineering,180
04123,"Lokmanya Tilak Jankalyan Shikshan Sanstha, Priyadarshani College of Engineering, Nagpur",0412324610,Information Technology,120
04123,"Lokmanya Tilak Jankalyan Shikshan Sanstha, Priyadarshani College of Engineering, Nagpur",0412325110,Computer Technology,120
04123,"Lokmanya Tilak Jankalyan Shikshan Sanstha, Priyadarshani College of Engineering, Nagpur",0412326510,Industrial IoT,60
04123,"Lokmanya Tilak Jankalyan Shikshan Sanstha, Priyadarshani College of Engineering, Nagpur",0412326610,Robotics and Artificial Intelligence,60
04123,"Lokmanya Tilak Jankalyan Shikshan Sanstha, Priyadarshani College of Engineering, Nagpur",0412329310,Electrical Engineering,120
04123,"Lokmanya Tilak Jankalyan Shikshan Sanstha, Priyadarshani College of Engineering, Nagpur",0412337010,Electronics and Communication Engineering,120
04123,"Lokmanya Tilak Jankalyan Shikshan Sanstha, Priyadarshani College of Engineering, Nagpur",0412337210,Electronics and Telecommunication Engg,120
04123,"Lokmanya Tilak Jankalyan Shikshan Sanstha, Priyadarshani College of Engineering, Nagpur",0412350710,Chemical Engineering,60
04123,"Lokmanya Tilak Jankalyan Shikshan Sanstha, Priyadarshani College of Engineering, Nagpur",0412361210,Mechanical Engineering,120
04123,"Lokmanya Tilak Jankalyan Shikshan Sanstha, Priyadarshani College of Engineering, Nagpur",0412399510,Artificial Intelligence and Data Science,120
04137,"Sir Shantilal Badjate Charitable Trust's S. B. Jain Institute of technology, Management & Research, Nagpur",0413724210,Computer Science and Engineering,240
04137,"Sir Shantilal Badjate Charitable Trust's S. B. Jain Institute of technology, Management & Research, Nagpur",0413724610,Information Technology,120
04137,"Sir Shantilal Badjate Charitable Trust's S. B. Jain Institute of technology, Management & Research, Nagpur",0413729310,Electrical Engineering,30
04137,"Sir Shantilal Badjate Charitable Trust's S. B. Jain Institute of technology, Management & Research, Nagpur",0413737210,Electronics and Telecommunication Engg,60
04137,"Sir Shantilal Badjate Charitable Trust's S. B. Jain Institute of technology, Management & Research, Nagpur",0413761210,Mechanical Engineering,30
04137,"Sir Shantilal Badjate Charitable Trust's S. B. Jain Institute of technology, Management & Research, Nagpur",0413791110,"Computer Science and Engineering(Artificial
Intelligence and Machine Learning)",120
04137,"Sir Shantilal Badjate Charitable Trust's S. B. Jain Institute of technology, Management & Research, Nagpur",0413791210,Computer Science and Engineering(Data Science),120
04138,"Jaidev Education Society, J D College of Engineering and Management, Nagpur",0413819110,Civil Engineering,30
04138,"Jaidev Education Society, J D College of Engineering and Management, Nagpur",0413824210,Computer Science and Engineering,180
04138,"Jaidev Education Society, J D College of Engineering and Management, Nagpur",0413824610,Information Technology,120
04138,"Jaidev Education Society, J D College of Engineering and Management, Nagpur",0413826010,Computer Science and Engineering (Cyber Security),180
04138,"Jaidev Education Society, J D College of Engineering and Management, Nagpur",0413829310,Electrical Engineering,30
04138,"Jaidev Education Society, J D College of Engineering and Management, Nagpur",0413837210,Electronics and Telecommunication Engg,60
04138,"Jaidev Education Society, J D College of Engineering and Management, Nagpur",0413861210,Mechanical Engineering,30
04138,"Jaidev Education Society, J D College of Engineering and Management, Nagpur",0413891210,Computer Science and Engineering(Data Science),180
04138,"Jaidev Education Society, J D College of Engineering and Management, Nagpur",0413899710,Artificial Intelligence,180
04139,"Samridhi Sarwajanik Charitable Trust, Jhulelal Institute of Technology, Nagpur",0413924210,Computer Science and Engineering,180
04139,"Samridhi Sarwajanik Charitable Trust, Jhulelal Institute of Technology, Nagpur",0413929310,Electrical Engineering,60
04139,"Samridhi Sarwajanik Charitable Trust, Jhulelal Institute of Technology, Nagpur",0413961210,Mechanical Engineering,60
04139,"Samridhi Sarwajanik Charitable Trust, Jhulelal Institute of Technology, Nagpur",0413984410,Electronics and Computer Engineering,60
04139,"Samridhi Sarwajanik Charitable Trust, Jhulelal Institute of Technology, Nagpur",0413991110,"Computer Science and Engineering(Artificial
Intelligence and Machine Learning)",180
04139,"Samridhi Sarwajanik Charitable Trust, Jhulelal Institute of Technology, Nagpur",0413992510,"Computer Science and Engineering (Artificial
Intelligence and Data Science)",120
04139,"Samridhi Sarwajanik Charitable Trust, Jhulelal Institute of Technology, Nagpur",0413992810,"Electronics and Communication(Advanced
Communication Technology)",60
04142,"G H Raisoni College of Engineering & Management, Nagpur",0414219110,Civil Engineering,60
04142,"G H Raisoni College of Engineering & Management, Nagpur",0414224210,Computer Science and Engineering,180
04142,"G H Raisoni College of Engineering & Management, Nagpur",0414224610,Information Technology,60
04142,"G H Raisoni College of Engineering & Management, Nagpur",0414229310,Electrical Engineering,60
04142,"G H Raisoni College of Engineering & Management, Nagpur",0414237210,Electronics and Telecommunication Engg,60
04142,"G H Raisoni College of Engineering & Management, Nagpur",0414261210,Mechanical Engineering,60
04142,"G H Raisoni College of Engineering & Management, Nagpur",0414291010,Computer Science and Engineering(Cyber Security),60
04142,"G H Raisoni College of Engineering & Management, Nagpur",0414291710,Data Science,60
04142,"G H Raisoni College of Engineering & Management, Nagpur",0414299710,Artificial Intelligence,180
04145,"Wainganga College of Engineering and Management, Dongargaon, Nagpur",0414519110,Civil Engineering,60
04145,"Wainganga College of Engineering and Management, Dongargaon, Nagpur",0414524210,Computer Science and Engineering,180
04145,"Wainganga College of Engineering and Management, Dongargaon, Nagpur",0414529310,Electrical Engineering,60
04145,"Wainganga College of Engineering and Management, Dongargaon, Nagpur",0414537210,Electronics and Telecommunication Engg,60
04145,"Wainganga College of Engineering and Management, Dongargaon, Nagpur",0414561210,Mechanical Engineering,60
04145,"Wainganga College of Engineering and Management, Dongargaon, Nagpur",0414599510,Artificial Intelligence and Data Science,180
04147,"K.D.K. College of Engineering, Nagpur",0414719110,Civil Engineering,60
04147,"K.D.K. College of Engineering, Nagpur",0414724210,Computer Science and Engineering,180
04147,"K.D.K. College of Engineering, Nagpur",0414724610,Information Technology,60
04147,"K.D.K. College of Engineering, Nagpur",0414729310,Electrical Engineering,90
04147,"K.D.K. College of Engineering, Nagpur",0414737210,Electronics and Telecommunication Engg,90
04147,"K.D.K. College of Engineering, Nagpur",0414761210,Mechanical Engineering,60
04147,"K.D.K. College of Engineering, Nagpur",0414799510,Artificial Intelligence and Data Science,90
04151,"Tulsiramji Gaikwad Patil College of Engineering & Technology, Nagpur",0415100210,Aeronautical Engineering,90
04151,"Tulsiramji Gaikwad Patil College of Engineering & Technology, Nagpur",0415108210,Bio Technology,90
04151,"Tulsiramji Gaikwad Patil College of Engineering & Technology, Nagpur",0415119110,Civil Engineering,90
04151,"Tulsiramji Gaikwad Patil College of Engineering & Technology, Nagpur",0415124210,Computer Science and Engineering,180
04151,"Tulsiramji Gaikwad Patil College of Engineering & Technology, Nagpur",0415124610,Information Technology,150
04151,"Tulsiramji Gaikwad Patil College of Engineering & Technology, Nagpur",0415129310,Electrical Engineering,150
04151,"Tulsiramji Gaikwad Patil College of Engineering & Technology, Nagpur",0415137010,Electronics and Communication Engineering,150
04151,"Tulsiramji Gaikwad Patil College of Engineering & Technology, Nagpur",0415161210,Mechanical Engineering,120
04151,"Tulsiramji Gaikwad Patil College of Engineering & Technology, Nagpur",0415191210,Computer Science and Engineering(Data Science),150
04151,"Tulsiramji Gaikwad Patil College of Engineering & Technology, Nagpur",0415192110,Artificial Intelligence and Machine Learning,150
04167,"Yeshwantrao Chavan College of Engineering,Wanadongri, Nagpur",0416719110,Civil Engineering,120
04167,"Yeshwantrao Chavan College of Engineering,Wanadongri, Nagpur",0416724210,Computer Science and Engineering,180
04167,"Yeshwantrao Chavan College of Engineering,Wanadongri, Nagpur",0416724610,Information Technology,180
04167,"Yeshwantrao Chavan College of Engineering,Wanadongri, Nagpur",0416725110,Computer Technology,120
04167,"Yeshwantrao Chavan College of Engineering,Wanadongri, Nagpur",0416725710,Computer Science and Design,60
04167,"Yeshwantrao Chavan College of Engineering,Wanadongri, Nagpur",0416726710,Computer Science and Engineering (IoT),60
04167,"Yeshwantrao Chavan College of Engineering,Wanadongri, Nagpur",0416735610,Electrical Engg[Electronics and Power],120
04167,"Yeshwantrao Chavan College of Engineering,Wanadongri, Nagpur",0416737210,Electronics and Telecommunication Engg,180
04167,"Yeshwantrao Chavan College of Engineering,Wanadongri, Nagpur",0416737610,Electronics Engineering,120
04167,"Yeshwantrao Chavan College of Engineering,Wanadongri, Nagpur",0416737810,"Electronics Engineering ( VLSI Design and
Technology)",60
04167,"Yeshwantrao Chavan College of Engineering,Wanadongri, Nagpur",0416761210,Mechanical Engineering,120
04167,"Yeshwantrao Chavan College of Engineering,Wanadongri, Nagpur",0416791110,"Computer Science and Engineering(Artificial
Intelligence and Machine Learning)",60
04167,"Yeshwantrao Chavan College of Engineering,Wanadongri, Nagpur",0416799510,Artificial Intelligence and Data Science,120
04174,"ST. Vincent Pallotti College of Engineering & Technology, Nagpur",0417419110,Civil Engineering,60
04174,"ST. Vincent Pallotti College of Engineering & Technology, Nagpur",0417424210,Computer Science and Engineering,120
04174,"ST. Vincent Pallotti College of Engineering & Technology, Nagpur",0417424610,Information Technology,60
04174,"ST. Vincent Pallotti College of Engineering & Technology, Nagpur",0417426010,Computer Science and Engineering (Cyber Security),60
04174,"ST. Vincent Pallotti College of Engineering & Technology, Nagpur",0417426210,Computer Science and Business Systems,60
04174,"ST. Vincent Pallotti College of Engineering & Technology, Nagpur",0417426510,Industrial IoT,60
04174,"ST. Vincent Pallotti College of Engineering & Technology, Nagpur",0417426610,Robotics and Artificial Intelligence,60
04174,"ST. Vincent Pallotti College of Engineering & Technology, Nagpur",0417429310,Electrical Engineering,60
04174,"ST. Vincent Pallotti College of Engineering & Technology, Nagpur",0417437210,Electronics and Telecommunication Engg,60
04174,"ST. Vincent Pallotti College of Engineering & Technology, Nagpur",0417461210,Mechanical Engineering,60
04174,"ST. Vincent Pallotti College of Engineering & Technology, Nagpur",0417491210,Computer Science and Engineering(Data Science),60
04174,"ST. Vincent Pallotti College of Engineering & Technology, Nagpur",0417499710,Artificial Intelligence,60
04177,"Priyadarshini Bhagwati College of Engineering, Harpur Nagar, Umred Road,Nagpur",0417719110,Civil Engineering,120
04177,"Priyadarshini Bhagwati College of Engineering, Harpur Nagar, Umred Road,Nagpur",0417724210,Computer Science and Engineering,240
04177,"Priyadarshini Bhagwati College of Engineering, Harpur Nagar, Umred Road,Nagpur",0417724610,Information Technology,60
04177,"Priyadarshini Bhagwati College of Engineering, Harpur Nagar, Umred Road,Nagpur",0417729310,Electrical Engineering,60
04177,"Priyadarshini Bhagwati College of Engineering, Harpur Nagar, Umred Road,Nagpur",0417737010,Electronics and Communication Engineering,60
04177,"Priyadarshini Bhagwati College of Engineering, Harpur Nagar, Umred Road,Nagpur",0417737210,Electronics and Telecommunication Engg,60
04177,"Priyadarshini Bhagwati College of Engineering, Harpur Nagar, Umred Road,Nagpur",0417761210,Mechanical Engineering,60
04177,"Priyadarshini Bhagwati College of Engineering, Harpur Nagar, Umred Road,Nagpur",0417799710,Artificial Intelligence,60
04193,"K.D.M. Education Society, Vidharbha Institute of Technology,Umred Road ,Nagpur",0419324210,Computer Science and Engineering,60
04193,"K.D.M. Education Society, Vidharbha Institute of Technology,Umred Road ,Nagpur",0419329310,Electrical Engineering,60
04193,"K.D.M. Education Society, Vidharbha Institute of Technology,Umred Road ,Nagpur",0419337010,Electronics and Communication Engineering,60
04193,"K.D.M. Education Society, Vidharbha Institute of Technology,Umred Road ,Nagpur",0419361210,Mechanical Engineering,60
04193,"K.D.M. Education Society, Vidharbha Institute of Technology,Umred Road ,Nagpur",0419391110,"Computer Science and Engineering(Artificial
Intelligence and Machine Learning)",60
04193,"K.D.M. Education Society, Vidharbha Institute of Technology,Umred Road ,Nagpur",0419391210,Computer Science and Engineering(Data Science),60
04613,"Suryodaya College of Engineering & Technology, Nagpur",0461319110,Civil Engineering,30
04613,"Suryodaya College of Engineering & Technology, Nagpur",0461324510,Computer Engineering,90
04613,"Suryodaya College of Engineering & Technology, Nagpur",0461326510,Industrial IoT,60
04613,"Suryodaya College of Engineering & Technology, Nagpur",0461329310,Electrical Engineering,60
04613,"Suryodaya College of Engineering & Technology, Nagpur",0461337210,Electronics and Telecommunication Engg,60
04613,"Suryodaya College of Engineering & Technology, Nagpur",0461361210,Mechanical Engineering,60
04613,"Suryodaya College of Engineering & Technology, Nagpur",0461391210,Computer Science and Engineering(Data Science),60
05004,"Government College of Engineering, Jalgaon",0500419110,Civil Engineering,60
05004,"Government College of Engineering, Jalgaon",0500424510,Computer Engineering,60
05004,"Government College of Engineering, Jalgaon",0500429310,Electrical Engineering,60
05004,"Government College of Engineering, Jalgaon",0500437210,Electronics and Telecommunication Engg,60
05004,"Government College of Engineering, Jalgaon",0500446610,Instrumentation Engineering,60
05004,"Government College of Engineering, Jalgaon",0500461210,Mechanical Engineering,60
05106,"Khandesh College Education Society's College Of Engineering And Management, Jalgaon",0510624510,Computer Engineering,120
05106,"Khandesh College Education Society's College Of Engineering And Management, Jalgaon",0510629310,Electrical Engineering,60
05106,"Khandesh College Education Society's College Of Engineering And Management, Jalgaon",0510661210,Mechanical Engineering,30
05106,"Khandesh College Education Society's College Of Engineering And Management, Jalgaon",0510684410,Electronics and Computer Engineering,60
05106,"Khandesh College Education Society's College Of Engineering And Management, Jalgaon",0510691210,Computer Science and Engineering(Data Science),60
05108,"Maratha Vidya Prasarak Samaj's Karmaveer Adv. Baburao Ganpatrao Thakare College Of Engineering, Nashik",0510819110,Civil Engineering,120
05108,"Maratha Vidya Prasarak Samaj's Karmaveer Adv. Baburao Ganpatrao Thakare College Of Engineering, Nashik",0510824510,Computer Engineering,180
05108,"Maratha Vidya Prasarak Samaj's Karmaveer Adv. Baburao Ganpatrao Thakare College Of Engineering, Nashik",0510824610,Information Technology,180
05108,"Maratha Vidya Prasarak Samaj's Karmaveer Adv. Baburao Ganpatrao Thakare College Of Engineering, Nashik",0510826310,Artificial Intelligence (AI) and Data Science,120
05108,"Maratha Vidya Prasarak Samaj's Karmaveer Adv. Baburao Ganpatrao Thakare College Of Engineering, Nashik",0510829310,Electrical Engineering,60
05108,"Maratha Vidya Prasarak Samaj's Karmaveer Adv. Baburao Ganpatrao Thakare College Of Engineering, Nashik",0510837210,Electronics and Telecommunication Engg,120
05108,"Maratha Vidya Prasarak Samaj's Karmaveer Adv. Baburao Ganpatrao Thakare College Of Engineering, Nashik",0510846410,Instrumentation and Control Engineering,60
05108,"Maratha Vidya Prasarak Samaj's Karmaveer Adv. Baburao Ganpatrao Thakare College Of Engineering, Nashik",0510861210,Mechanical Engineering,120
05108,"Maratha Vidya Prasarak Samaj's Karmaveer Adv. Baburao Ganpatrao Thakare College Of Engineering, Nashik",0510891610,Automation and Robotics,60
05109,"Sandip Foundation, Sandip Institute of Technology and Research Centre, Mahiravani, Nashik",0510919110,Civil Engineering,60
05109,"Sandip Foundation, Sandip Institute of Technology and Research Centre, Mahiravani, Nashik",0510924510,Computer Engineering,180
05109,"Sandip Foundation, Sandip Institute of Technology and Research Centre, Mahiravani, Nashik",0510924610,Information Technology,60
05109,"Sandip Foundation, Sandip Institute of Technology and Research Centre, Mahiravani, Nashik",0510929310,Electrical Engineering,90
05109,"Sandip Foundation, Sandip Institute of Technology and Research Centre, Mahiravani, Nashik",0510937210,Electronics and Telecommunication Engg,120
05109,"Sandip Foundation, Sandip Institute of Technology and Research Centre, Mahiravani, Nashik",0510956610,Computer Science,60
05109,"Sandip Foundation, Sandip Institute of Technology and Research Centre, Mahiravani, Nashik",0510961210,Mechanical Engineering,90
05109,"Sandip Foundation, Sandip Institute of Technology and Research Centre, Mahiravani, Nashik",0510991610,Automation and Robotics,120
05109,"Sandip Foundation, Sandip Institute of Technology and Research Centre, Mahiravani, Nashik",0510992110,Artificial Intelligence and Machine Learning,60
05109,"Sandip Foundation, Sandip Institute of Technology and Research Centre, Mahiravani, Nashik",0510999510,Artificial Intelligence and Data Science,120
05121,"K. K. Wagh Institute of Engineering Education and Research, Nashik",0512119110,Civil Engineering,120
05121,"K. K. Wagh Institute of Engineering Education and Research, Nashik",0512121910,Robotics and Automation,120
05121,"K. K. Wagh Institute of Engineering Education and Research, Nashik",0512124510,Computer Engineering,120
05121,"K. K. Wagh Institute of Engineering Education and Research, Nashik",0512124610,Information Technology,120
05121,"K. K. Wagh Institute of Engineering Education and Research, Nashik",0512125710,Computer Science and Design,60
05121,"K. K. Wagh Institute of Engineering Education and Research, Nashik",0512129310,Electrical Engineering,120
05121,"K. K. Wagh Institute of Engineering Education and Research, Nashik",0512137210,Electronics and Telecommunication Engg,120
05121,"K. K. Wagh Institute of Engineering Education and Research, Nashik",0512150710,Chemical Engineering,60
05121,"K. K. Wagh Institute of Engineering Education and Research, Nashik",0512161210,Mechanical Engineering,120
05121,"K. K. Wagh Institute of Engineering Education and Research, Nashik",0512199510,Artificial Intelligence and Data Science,120
05152,"G H Raisoni College of Engineering and Management, Jalgaon",0515219110,Civil Engineering,60
05152,"G H Raisoni College of Engineering and Management, Jalgaon",0515224210,Computer Science and Engineering,240
05152,"G H Raisoni College of Engineering and Management, Jalgaon",0515224610,Information Technology,60
05152,"G H Raisoni College of Engineering and Management, Jalgaon",0515229310,Electrical Engineering,60
05152,"G H Raisoni College of Engineering and Management, Jalgaon",0515237210,Electronics and Telecommunication Engg,60
05152,"G H Raisoni College of Engineering and Management, Jalgaon",0515261210,Mechanical Engineering,60
05152,"G H Raisoni College of Engineering and Management, Jalgaon",0515291110,"Computer Science and Engineering(Artificial
Intelligence and Machine Learning)",60
05152,"G H Raisoni College of Engineering and Management, Jalgaon",0515291210,Computer Science and Engineering(Data Science),60
05152,"G H Raisoni College of Engineering and Management, Jalgaon",0515291310,"Computer Science and Engineering (Artificial
Intelligence)",120
05160,"Sanjivani Rural Education Society's Sanjivani College of Engineering, Kopargaon",0516019110,Civil Engineering,120
05160,"Sanjivani Rural Education Society's Sanjivani College of Engineering, Kopargaon",0516024510,Computer Engineering,120
05160,"Sanjivani Rural Education Society's Sanjivani College of Engineering, Kopargaon",0516024610,Information Technology,120
05160,"Sanjivani Rural Education Society's Sanjivani College of Engineering, Kopargaon",0516029310,Electrical Engineering,60
05160,"Sanjivani Rural Education Society's Sanjivani College of Engineering, Kopargaon",0516061210,Mechanical Engineering,120
05160,"Sanjivani Rural Education Society's Sanjivani College of Engineering, Kopargaon",0516062410,Mechatronics Engineering,60
05160,"Sanjivani Rural Education Society's Sanjivani College of Engineering, Kopargaon",0516084410,Electronics and Computer Engineering,60
05160,"Sanjivani Rural Education Society's Sanjivani College of Engineering, Kopargaon",0516091510,Structural Engineering,60
05162,"Amrutvahini Sheti & Shikshan Vikas Sanstha's Amrutvahini College of Engineering, Sangamner",0516219110,Civil Engineering,120
05162,"Amrutvahini Sheti & Shikshan Vikas Sanstha's Amrutvahini College of Engineering, Sangamner",0516224510,Computer Engineering,120
05162,"Amrutvahini Sheti & Shikshan Vikas Sanstha's Amrutvahini College of Engineering, Sangamner",0516224610,Information Technology,120
05162,"Amrutvahini Sheti & Shikshan Vikas Sanstha's Amrutvahini College of Engineering, Sangamner",0516229310,Electrical Engineering,120
05162,"Amrutvahini Sheti & Shikshan Vikas Sanstha's Amrutvahini College of Engineering, Sangamner",0516237210,Electronics and Telecommunication Engg,120
05162,"Amrutvahini Sheti & Shikshan Vikas Sanstha's Amrutvahini College of Engineering, Sangamner",0516261210,Mechanical Engineering,120
05162,"Amrutvahini Sheti & Shikshan Vikas Sanstha's Amrutvahini College of Engineering, Sangamner",0516284410,Electronics and Computer Engineering,120
05162,"Amrutvahini Sheti & Shikshan Vikas Sanstha's Amrutvahini College of Engineering, Sangamner",0516291610,Automation and Robotics,60
05162,"Amrutvahini Sheti & Shikshan Vikas Sanstha's Amrutvahini College of Engineering, Sangamner",0516299510,Artificial Intelligence and Data Science,120
05170,"Hindi Seva Mandal's Shri Sant Gadgebaba College of Engineering & Technology, Bhusawal",0517019110,Civil Engineering,30
05170,"Hindi Seva Mandal's Shri Sant Gadgebaba College of Engineering & Technology, Bhusawal",0517024210,Computer Science and Engineering,120
05170,"Hindi Seva Mandal's Shri Sant Gadgebaba College of Engineering & Technology, Bhusawal",0517029310,Electrical Engineering,60
05170,"Hindi Seva Mandal's Shri Sant Gadgebaba College of Engineering & Technology, Bhusawal",0517037210,Electronics and Telecommunication Engg,30
05170,"Hindi Seva Mandal's Shri Sant Gadgebaba College of Engineering & Technology, Bhusawal",0517061210,Mechanical Engineering,30
05170,"Hindi Seva Mandal's Shri Sant Gadgebaba College of Engineering & Technology, Bhusawal",0517084410,Electronics and Computer Engineering,30
05170,"Hindi Seva Mandal's Shri Sant Gadgebaba College of Engineering & Technology, Bhusawal",0517091210,Computer Science and Engineering(Data Science),60
05172,"R. C. Patel Institute of Technology, Shirpur",0517219110,Civil Engineering,60
05172,"R. C. Patel Institute of Technology, Shirpur",0517224510,Computer Engineering,180
05172,"R. C. Patel Institute of Technology, Shirpur",0517224610,Information Technology,120
05172,"R. C. Patel Institute of Technology, Shirpur",0517229310,Electrical Engineering,60
05172,"R. C. Patel Institute of Technology, Shirpur",0517237210,Electronics and Telecommunication Engg,120
05172,"R. C. Patel Institute of Technology, Shirpur",0517261210,Mechanical Engineering,60
05172,"R. C. Patel Institute of Technology, Shirpur",0517291210,Computer Science and Engineering(Data Science),120
05172,"R. C. Patel Institute of Technology, Shirpur",0517292110,Artificial Intelligence and Machine Learning,60
05172,"R. C. Patel Institute of Technology, Shirpur",0517299510,Artificial Intelligence and Data Science,120
05173,"SNJB's Late Sau. Kantabai Bhavarlalji Jain College of Engineering, (Jain Gurukul), Neminagar,Chandwad,(Nashik)",0517319110,Civil Engineering,60
05173,"SNJB's Late Sau. Kantabai Bhavarlalji Jain College of Engineering, (Jain Gurukul), Neminagar,Chandwad,(Nashik)",0517324510,Computer Engineering,180
05173,"SNJB's Late Sau. Kantabai Bhavarlalji Jain College of Engineering, (Jain Gurukul), Neminagar,Chandwad,(Nashik)",0517337210,Electronics and Telecommunication Engg,60
05173,"SNJB's Late Sau. Kantabai Bhavarlalji Jain College of Engineering, (Jain Gurukul), Neminagar,Chandwad,(Nashik)",0517361210,Mechanical Engineering,60
05173,"SNJB's Late Sau. Kantabai Bhavarlalji Jain College of Engineering, (Jain Gurukul), Neminagar,Chandwad,(Nashik)",0517399510,Artificial Intelligence and Data Science,120
05177,"Matoshri College of Engineering and Research Centre, Eklahare, Nashik",0517719110,Civil Engineering,60
05177,"Matoshri College of Engineering and Research Centre, Eklahare, Nashik",0517724510,Computer Engineering,180
05177,"Matoshri College of Engineering and Research Centre, Eklahare, Nashik",0517724610,Information Technology,120
05177,"Matoshri College of Engineering and Research Centre, Eklahare, Nashik",0517729310,Electrical Engineering,60
05177,"Matoshri College of Engineering and Research Centre, Eklahare, Nashik",0517737210,Electronics and Telecommunication Engg,60
05177,"Matoshri College of Engineering and Research Centre, Eklahare, Nashik",0517761210,Mechanical Engineering,60
05177,"Matoshri College of Engineering and Research Centre, Eklahare, Nashik",0517784410,Electronics and Computer Engineering,120
05177,"Matoshri College of Engineering and Research Centre, Eklahare, Nashik",0517799510,Artificial Intelligence and Data Science,120
06005,"Government College of Engineering, Karad",0600519110,Civil Engineering,60
06005,"Government College of Engineering, Karad",0600524610,Information Technology,60
06005,"Government College of Engineering, Karad",0600529310,Electrical Engineering,60
06005,"Government College of Engineering, Karad",0600537210,Electronics and Telecommunication Engg,60
06005,"Government College of Engineering, Karad",0600561210,Mechanical Engineering,60
06007,"Walchand College of Engineering, Sangli",0600719110,Civil Engineering,60
06007,"Walchand College of Engineering, Sangli",0600721970U,Robotics and Automation,60
06007,"Walchand College of Engineering, Sangli",0600724210,Computer Science and Engineering,90
06007,"Walchand College of Engineering, Sangli",0600724270U,Computer Science and Engineering,90
06007,"Walchand College of Engineering, Sangli",0600724610,Information Technology,60
06007,"Walchand College of Engineering, Sangli",0600724670U,Information Technology,60
06007,"Walchand College of Engineering, Sangli",0600729310,Electrical Engineering,60
06007,"Walchand College of Engineering, Sangli",0600737610,Electronics Engineering,60
06007,"Walchand College of Engineering, Sangli",0600761210,Mechanical Engineering,60
06007,"Walchand College of Engineering, Sangli",0600792170U,Artificial Intelligence and Machine Learning,60
06139,"Progressive Education Society's Modern College of Engineering, Pune",0613924510,Computer Engineering,180
06139,"Progressive Education Society's Modern College of Engineering, Pune",0613924610,Information Technology,120
06139,"Progressive Education Society's Modern College of Engineering, Pune",0613929310,Electrical Engineering,120
06139,"Progressive Education Society's Modern College of Engineering, Pune",0613937210,Electronics and Telecommunication Engg,120
06139,"Progressive Education Society's Modern College of Engineering, Pune",0613961210,Mechanical Engineering,180
06139,"Progressive Education Society's Modern College of Engineering, Pune",0613984410,Electronics and Computer Engineering,60
06139,"Progressive Education Society's Modern College of Engineering, Pune",0613992110,Artificial Intelligence and Machine Learning,60
06139,"Progressive Education Society's Modern College of Engineering, Pune",0613999510,Artificial Intelligence and Data Science,120
06141,"Jaywant Shikshan Prasarak Mandal's,Rajarshi Shahu College of Engineering, Tathawade, Pune",0614119110,Civil Engineering,60
06141,"Jaywant Shikshan Prasarak Mandal's,Rajarshi Shahu College of Engineering, Tathawade, Pune",0614124510,Computer Engineering,180
06141,"Jaywant Shikshan Prasarak Mandal's,Rajarshi Shahu College of Engineering, Tathawade, Pune",0614124610,Information Technology,120
06141,"Jaywant Shikshan Prasarak Mandal's,Rajarshi Shahu College of Engineering, Tathawade, Pune",0614126210,Computer Science and Business Systems,60
06141,"Jaywant Shikshan Prasarak Mandal's,Rajarshi Shahu College of Engineering, Tathawade, Pune",0614129310,Electrical Engineering,60
06141,"Jaywant Shikshan Prasarak Mandal's,Rajarshi Shahu College of Engineering, Tathawade, Pune",0614137210,Electronics and Telecommunication Engg,120
06141,"Jaywant Shikshan Prasarak Mandal's,Rajarshi Shahu College of Engineering, Tathawade, Pune",0614161210,Mechanical Engineering,180
06141,"Jaywant Shikshan Prasarak Mandal's,Rajarshi Shahu College of Engineering, Tathawade, Pune",0614191610,Automation and Robotics,60
06146,"MIT Academy of Engineering,Alandi, Pune",0614619110,Civil Engineering,60
06146,"MIT Academy of Engineering,Alandi, Pune",0614624510,Computer Engineering,360
06146,"MIT Academy of Engineering,Alandi, Pune",0614624610,Information Technology,180
06146,"MIT Academy of Engineering,Alandi, Pune",0614637210,Electronics and Telecommunication Engg,180
06146,"MIT Academy of Engineering,Alandi, Pune",0614650710,Chemical Engineering,60
06146,"MIT Academy of Engineering,Alandi, Pune",0614661210,Mechanical Engineering,120
06146,"MIT Academy of Engineering,Alandi, Pune",0614691110,"Computer Science and Engineering(Artificial
Intelligence and Machine Learning)",180
06146,"MIT Academy of Engineering,Alandi, Pune",0614691210,Computer Science and Engineering(Data Science),120
06146,"MIT Academy of Engineering,Alandi, Pune",0614692710,Computer Engineering (Software Engineering),180
06155,"G.H.Raisoni College of Engineering & Management, Wagholi, Pune",0615519110,Civil Engineering,60
06155,"G.H.Raisoni College of Engineering & Management, Wagholi, Pune",0615524510,Computer Engineering,240
06155,"G.H.Raisoni College of Engineering & Management, Wagholi, Pune",0615524610,Information Technology,240
06155,"G.H.Raisoni College of Engineering & Management, Wagholi, Pune",0615526010,Computer Science and Engineering (Cyber Security),60
06155,"G.H.Raisoni College of Engineering & Management, Wagholi, Pune",0615529310,Electrical Engineering,60
06155,"G.H.Raisoni College of Engineering & Management, Wagholi, Pune",0615537210,Electronics and Telecommunication Engg,90
06155,"G.H.Raisoni College of Engineering & Management, Wagholi, Pune",0615561210,Mechanical Engineering,60
06155,"G.H.Raisoni College of Engineering & Management, Wagholi, Pune",0615591110,"Computer Science and Engineering(Artificial
Intelligence and Machine Learning)",180
06155,"G.H.Raisoni College of Engineering & Management, Wagholi, Pune",0615591210,Computer Science and Engineering(Data Science),60
06155,"G.H.Raisoni College of Engineering & Management, Wagholi, Pune",0615591310,"Computer Science and Engineering (Artificial
Intelligence)",180
06156,"Marathwada Mitra Mandal's College of Engineering, Karvenagar, Pune",0615624510,Computer Engineering,180
06156,"Marathwada Mitra Mandal's College of Engineering, Karvenagar, Pune",0615624610,Information Technology,180
06156,"Marathwada Mitra Mandal's College of Engineering, Karvenagar, Pune",0615629310,Electrical Engineering,60
06156,"Marathwada Mitra Mandal's College of Engineering, Karvenagar, Pune",0615637210,Electronics and Telecommunication Engg,180
06156,"Marathwada Mitra Mandal's College of Engineering, Karvenagar, Pune",0615661210,Mechanical Engineering,120
06156,"Marathwada Mitra Mandal's College of Engineering, Karvenagar, Pune",0615699510,Artificial Intelligence and Data Science,180
06175,"Pimpri Chinchwad Education Trust, Pimpri Chinchwad College of Engineering, Pune",0617519110,Civil Engineering,60
06175,"Pimpri Chinchwad Education Trust, Pimpri Chinchwad College of Engineering, Pune",0617524510,Computer Engineering,240
06175,"Pimpri Chinchwad Education Trust, Pimpri Chinchwad College of Engineering, Pune",0617524590L,Computer Engineering,60
06175,"Pimpri Chinchwad Education Trust, Pimpri Chinchwad College of Engineering, Pune",0617524610,Information Technology,120
06175,"Pimpri Chinchwad Education Trust, Pimpri Chinchwad College of Engineering, Pune",0617537210,Electronics and Telecommunication Engg,180
06175,"Pimpri Chinchwad Education Trust, Pimpri Chinchwad College of Engineering, Pune",0617561210,Mechanical Engineering,180
06175,"Pimpri Chinchwad Education Trust, Pimpri Chinchwad College of Engineering, Pune",0617591110,"Computer Science and Engineering(Artificial
Intelligence and Machine Learning)",120
06179,"Indira College of Engineering & Management, Pune",0617924510,Computer Engineering,150
06179,"Indira College of Engineering & Management, Pune",0617924610,Information Technology,60
06179,"Indira College of Engineering & Management, Pune",0617937210,Electronics and Telecommunication Engg,30
06179,"Indira College of Engineering & Management, Pune",0617961210,Mechanical Engineering,60
06179,"Indira College of Engineering & Management, Pune",0617999510,Artificial Intelligence and Data Science,60
06184,"K. J.'s Educational Institut Trinity College of Engineering and Research, Pisoli, Haveli",0618419110,Civil Engineering,30
06184,"K. J.'s Educational Institut Trinity College of Engineering and Research, Pisoli, Haveli",0618424510,Computer Engineering,150
06184,"K. J.'s Educational Institut Trinity College of Engineering and Research, Pisoli, Haveli",0618424610,Information Technology,60
06184,"K. J.'s Educational Institut Trinity College of Engineering and Research, Pisoli, Haveli",0618429310,Electrical Engineering,60
06184,"K. J.'s Educational Institut Trinity College of Engineering and Research, Pisoli, Haveli",0618437210,Electronics and Telecommunication Engg,60
06184,"K. J.'s Educational Institut Trinity College of Engineering and Research, Pisoli, Haveli",0618461210,Mechanical Engineering,60
06214,"K. E. Society's Rajarambapu Institute of Technology, Walwa, Sangli",0621419110,Civil Engineering,60
06214,"K. E. Society's Rajarambapu Institute of Technology, Walwa, Sangli",0621421910,Robotics and Automation,60
06214,"K. E. Society's Rajarambapu Institute of Technology, Walwa, Sangli",0621424510,Computer Engineering,180
06214,"K. E. Society's Rajarambapu Institute of Technology, Walwa, Sangli",0621429310,Electrical Engineering,60
06214,"K. E. Society's Rajarambapu Institute of Technology, Walwa, Sangli",0621437210,Electronics and Telecommunication Engg,120
06214,"K. E. Society's Rajarambapu Institute of Technology, Walwa, Sangli",0621456810,Computer Science and Information Technology,60
06214,"K. E. Society's Rajarambapu Institute of Technology, Walwa, Sangli",0621461210,Mechanical Engineering,120
06214,"K. E. Society's Rajarambapu Institute of Technology, Walwa, Sangli",0621462410,Mechatronics Engineering,60
06214,"K. E. Society's Rajarambapu Institute of Technology, Walwa, Sangli",0621491110,"Computer Science and Engineering(Artificial
Intelligence and Machine Learning)",120
06217,"Shri. Balasaheb Mane Shikshan Prasarak Mandal's, Ashokrao Mane Group of Institutions",0621719110,Civil Engineering,30
06217,"Shri. Balasaheb Mane Shikshan Prasarak Mandal's, Ashokrao Mane Group of Institutions",0621724210,Computer Science and Engineering,180
06217,"Shri. Balasaheb Mane Shikshan Prasarak Mandal's, Ashokrao Mane Group of Institutions",0621726310,Artificial Intelligence (AI) and Data Science,90
06217,"Shri. Balasaheb Mane Shikshan Prasarak Mandal's, Ashokrao Mane Group of Institutions",0621729310,Electrical Engineering,60
06217,"Shri. Balasaheb Mane Shikshan Prasarak Mandal's, Ashokrao Mane Group of Institutions",0621737210,Electronics and Telecommunication Engg,60
06217,"Shri. Balasaheb Mane Shikshan Prasarak Mandal's, Ashokrao Mane Group of Institutions",0621761210,Mechanical Engineering,30
06217,"Shri. Balasaheb Mane Shikshan Prasarak Mandal's, Ashokrao Mane Group of Institutions",0621784410,Electronics and Computer Engineering,60
06217,"Shri. Balasaheb Mane Shikshan Prasarak Mandal's, Ashokrao Mane Group of Institutions",0621792110,Artificial Intelligence and Machine Learning,90
06220,"SVERI's College of Engineering, Pandharpur",0622019110,Civil Engineering,120
06220,"SVERI's College of Engineering, Pandharpur",0622024210,Computer Science and Engineering,180
06220,"SVERI's College of Engineering, Pandharpur",0622029310,Electrical Engineering,60
06220,"SVERI's College of Engineering, Pandharpur",0622037210,Electronics and Telecommunication Engg,120
06220,"SVERI's College of Engineering, Pandharpur",0622061210,Mechanical Engineering,120
06220,"SVERI's College of Engineering, Pandharpur",0622084410,Electronics and Computer Engineering,60
06222,"Dattajirao Kadam Technical Education Society's Textile & Engineering Institute, Ichalkaranji.",0622219110,Civil Engineering,60
06222,"Dattajirao Kadam Technical Education Society's Textile & Engineering Institute, Ichalkaranji.",0622224210,Computer Science and Engineering,120
06222,"Dattajirao Kadam Technical Education Society's Textile & Engineering Institute, Ichalkaranji.",0622226310,Artificial Intelligence (AI) and Data Science,60
06222,"Dattajirao Kadam Technical Education Society's Textile & Engineering Institute, Ichalkaranji.",0622229310,Electrical Engineering,60
06222,"Dattajirao Kadam Technical Education Society's Textile & Engineering Institute, Ichalkaranji.",0622237210,Electronics and Telecommunication Engg,120
06222,"Dattajirao Kadam Technical Education Society's Textile & Engineering Institute, Ichalkaranji.",0622246510,Technical Textiles,30
06222,"Dattajirao Kadam Technical Education Society's Textile & Engineering Institute, Ichalkaranji.",0622257010,Fashion Technology,30
06222,"Dattajirao Kadam Technical Education Society's Textile & Engineering Institute, Ichalkaranji.",0622261210,Mechanical Engineering,60
06222,"Dattajirao Kadam Technical Education Society's Textile & Engineering Institute, Ichalkaranji.",0622288610,Man Made Textile Technology,30
06222,"Dattajirao Kadam Technical Education Society's Textile & Engineering Institute, Ichalkaranji.",0622289010,Textile Chemistry,60
06222,"Dattajirao Kadam Technical Education Society's Textile & Engineering Institute, Ichalkaranji.",0622289610,Textile Technology,60
06222,"Dattajirao Kadam Technical Education Society's Textile & Engineering Institute, Ichalkaranji.",0622291110,"Computer Science and Engineering(Artificial
Intelligence and Machine Learning)",120
06223,"Pradnya Niketan Education Society's Nagesh Karajagi Orchid College of Engineering & Technology, Solapur",0622319110,Civil Engineering,60
06223,"Pradnya Niketan Education Society's Nagesh Karajagi Orchid College of Engineering & Technology, Solapur",0622324210,Computer Science and Engineering,180
06223,"Pradnya Niketan Education Society's Nagesh Karajagi Orchid College of Engineering & Technology, Solapur",0622329310,Electrical Engineering,60
06223,"Pradnya Niketan Education Society's Nagesh Karajagi Orchid College of Engineering & Technology, Solapur",0622337210,Electronics and Telecommunication Engg,60
06223,"Pradnya Niketan Education Society's Nagesh Karajagi Orchid College of Engineering & Technology, Solapur",0622361210,Mechanical Engineering,120
06223,"Pradnya Niketan Education Society's Nagesh Karajagi Orchid College of Engineering & Technology, Solapur",0622399510,Artificial Intelligence and Data Science,60
06250,"D.Y. Patil College of Engineering and Technology, Kolhapur",0625019110,Civil Engineering,120
06250,"D.Y. Patil College of Engineering and Technology, Kolhapur",0625024210,Computer Science and Engineering,360
06250,"D.Y. Patil College of Engineering and Technology, Kolhapur",0625037210,Electronics and Telecommunication Engg,120
06250,"D.Y. Patil College of Engineering and Technology, Kolhapur",0625050710,Chemical Engineering,60
06250,"D.Y. Patil College of Engineering and Technology, Kolhapur",0625061210,Mechanical Engineering,120
06250,"D.Y. Patil College of Engineering and Technology, Kolhapur",0625091110,"Computer Science and Engineering(Artificial
Intelligence and Machine Learning)",180
06250,"D.Y. Patil College of Engineering and Technology, Kolhapur",0625091210,Computer Science and Engineering(Data Science),180
06265,"Walchand Institute of Technology, Solapur",0626519110,Civil Engineering,60
06265,"Walchand Institute of Technology, Solapur",0626524210,Computer Science and Engineering,180
06265,"Walchand Institute of Technology, Solapur",0626524610,Information Technology,120
06265,"Walchand Institute of Technology, Solapur",0626537210,Electronics and Telecommunication Engg,120
06265,"Walchand Institute of Technology, Solapur",0626561510,Mechanical & Automation Engineering,60
06265,"Walchand Institute of Technology, Solapur",0626584410,Electronics and Computer Engineering,60
06265,"Walchand Institute of Technology, Solapur",0626592110,Artificial Intelligence and Machine Learning,60
06267,"Kolhapur Institute of Technology's College of Engineering(Autonomous), Kolhapur",0626708210,Bio Technology,60
06267,"Kolhapur Institute of Technology's College of Engineering(Autonomous), Kolhapur",0626719110,Civil Engineering,120
06267,"Kolhapur Institute of Technology's College of Engineering(Autonomous), Kolhapur",0626724210,Computer Science and Engineering,180
06267,"Kolhapur Institute of Technology's College of Engineering(Autonomous), Kolhapur",0626726210,Computer Science and Business Systems,180
06267,"Kolhapur Institute of Technology's College of Engineering(Autonomous), Kolhapur",0626729310,Electrical Engineering,60
06267,"Kolhapur Institute of Technology's College of Engineering(Autonomous), Kolhapur",0626737210,Electronics and Telecommunication Engg,120
06267,"Kolhapur Institute of Technology's College of Engineering(Autonomous), Kolhapur",0626761210,Mechanical Engineering,180
06267,"Kolhapur Institute of Technology's College of Engineering(Autonomous), Kolhapur",0626791110,"Computer Science and Engineering(Artificial
Intelligence and Machine Learning)",180
06267,"Kolhapur Institute of Technology's College of Engineering(Autonomous), Kolhapur",0626792210,Civil and Environmental Engineering,60
06268,"Tatyasaheb Kore Institute of Engineering and Technology, Warananagar",0626819110,Civil Engineering,120
06268,"Tatyasaheb Kore Institute of Engineering and Technology, Warananagar",0626824210,Computer Science and Engineering,300
06268,"Tatyasaheb Kore Institute of Engineering and Technology, Warananagar",0626825210,Cyber Security,60
06268,"Tatyasaheb Kore Institute of Engineering and Technology, Warananagar",0626826210,Computer Science and Business Systems,180
06268,"Tatyasaheb Kore Institute of Engineering and Technology, Warananagar",0626829310,Electrical Engineering,60
06268,"Tatyasaheb Kore Institute of Engineering and Technology, Warananagar",0626837210,Electronics and Telecommunication Engg,120
06268,"Tatyasaheb Kore Institute of Engineering and Technology, Warananagar",0626850710,Chemical Engineering,60
06268,"Tatyasaheb Kore Institute of Engineering and Technology, Warananagar",0626861210,Mechanical Engineering,180
06269,"Shetkari Shikshan Mandal's Pad. Vasantraodada Patil Institute of Technology, Budhgaon, Sangli",0626919110,Civil Engineering,60
06269,"Shetkari Shikshan Mandal's Pad. Vasantraodada Patil Institute of Technology, Budhgaon, Sangli",0626924210,Computer Science and Engineering,120
06269,"Shetkari Shikshan Mandal's Pad. Vasantraodada Patil Institute of Technology, Budhgaon, Sangli",0626937210,Electronics and Telecommunication Engg,60
06269,"Shetkari Shikshan Mandal's Pad. Vasantraodada Patil Institute of Technology, Budhgaon, Sangli",0626946410,Instrumentation and Control Engineering,30
06269,"Shetkari Shikshan Mandal's Pad. Vasantraodada Patil Institute of Technology, Budhgaon, Sangli",0626950710,Chemical Engineering,60
06269,"Shetkari Shikshan Mandal's Pad. Vasantraodada Patil Institute of Technology, Budhgaon, Sangli",0626961210,Mechanical Engineering,60
06269,"Shetkari Shikshan Mandal's Pad. Vasantraodada Patil Institute of Technology, Budhgaon, Sangli",0626990010,Electronics and Computer Science,120
06269,"Shetkari Shikshan Mandal's Pad. Vasantraodada Patil Institute of Technology, Budhgaon, Sangli",0626992510,"Computer Science and Engineering (Artificial
Intelligence and Data Science)",60
06269,"Shetkari Shikshan Mandal's Pad. Vasantraodada Patil Institute of Technology, Budhgaon, Sangli",0626992610,Electrical and Computer Engineering,60
06271,Pune Institute of Computer Technology,0627124510,Computer Engineering,240
06271,Pune Institute of Computer Technology,0627124610,Information Technology,180
06271,Pune Institute of Computer Technology,0627126310,Artificial Intelligence (AI) and Data Science,60
06271,Pune Institute of Computer Technology,0627137210,Electronics and Telecommunication Engg,240
06271,Pune Institute of Computer Technology,0627184410,Electronics and Computer Engineering,60
06272,"Dr. D. Y. Patil Pratishthan's D.Y.Patil College of Engineering Akurdi, Pune",0627219110,Civil Engineering,120
06272,"Dr. D. Y. Patil Pratishthan's D.Y.Patil College of Engineering Akurdi, Pune",0627221910,Robotics and Automation,60
06272,"Dr. D. Y. Patil Pratishthan's D.Y.Patil College of Engineering Akurdi, Pune",0627224510,Computer Engineering,180
06272,"Dr. D. Y. Patil Pratishthan's D.Y.Patil College of Engineering Akurdi, Pune",0627224610,Information Technology,180
06272,"Dr. D. Y. Patil Pratishthan's D.Y.Patil College of Engineering Akurdi, Pune",0627237210,Electronics and Telecommunication Engg,180
06272,"Dr. D. Y. Patil Pratishthan's D.Y.Patil College of Engineering Akurdi, Pune",0627246610,Instrumentation Engineering,60
06272,"Dr. D. Y. Patil Pratishthan's D.Y.Patil College of Engineering Akurdi, Pune",0627261210,Mechanical Engineering,120
06272,"Dr. D. Y. Patil Pratishthan's D.Y.Patil College of Engineering Akurdi, Pune",0627299510,Artificial Intelligence and Data Science,180
06273,"Bansilal Ramnath Agarawal Charitable Trust's Vishwakarma Institute of Technology, Bibwewadi, Pune",0627319110,Civil Engineering,120
06273,"Bansilal Ramnath Agarawal Charitable Trust's Vishwakarma Institute of Technology, Bibwewadi, Pune",0627324510,Computer Engineering,720
06273,"Bansilal Ramnath Agarawal Charitable Trust's Vishwakarma Institute of Technology, Bibwewadi, Pune",0627324610,Information Technology,360
06273,"Bansilal Ramnath Agarawal Charitable Trust's Vishwakarma Institute of Technology, Bibwewadi, Pune",0627337210,Electronics and Telecommunication Engg,360
06273,"Bansilal Ramnath Agarawal Charitable Trust's Vishwakarma Institute of Technology, Bibwewadi, Pune",0627346410,Instrumentation and Control Engineering,180
06273,"Bansilal Ramnath Agarawal Charitable Trust's Vishwakarma Institute of Technology, Bibwewadi, Pune",0627361210,Mechanical Engineering,360
06273,"Bansilal Ramnath Agarawal Charitable Trust's Vishwakarma Institute of Technology, Bibwewadi, Pune",0627391110,"Computer Science and Engineering(Artificial
Intelligence and Machine Learning)",360
06273,"Bansilal Ramnath Agarawal Charitable Trust's Vishwakarma Institute of Technology, Bibwewadi, Pune",0627391210,Computer Science and Engineering(Data Science),180
06273,"Bansilal Ramnath Agarawal Charitable Trust's Vishwakarma Institute of Technology, Bibwewadi, Pune",0627391310,"Computer Science and Engineering (Artificial
Intelligence)",360
06273,"Bansilal Ramnath Agarawal Charitable Trust's Vishwakarma Institute of Technology, Bibwewadi, Pune",0627392010,"Computer Science and Engineering (Internet of
Things and Cyber Security Including Block Chain
Technology)",180
06273,"Bansilal Ramnath Agarawal Charitable Trust's Vishwakarma Institute of Technology, Bibwewadi, Pune",0627392710,Computer Engineering (Software Engineering),180
06273,"Bansilal Ramnath Agarawal Charitable Trust's Vishwakarma Institute of Technology, Bibwewadi, Pune",0627399510,Artificial Intelligence and Data Science,360
06274,"PVG's College of Engineering, Technology & Management",0627424510,Computer Engineering,120
06274,"PVG's College of Engineering, Technology & Management",0627424610,Information Technology,120
06274,"PVG's College of Engineering, Technology & Management",0627429310,Electrical Engineering,60
06274,"PVG's College of Engineering, Technology & Management",0627437210,Electronics and Telecommunication Engg,120
06274,"PVG's College of Engineering, Technology & Management",0627461210,Mechanical Engineering,120
06274,"PVG's College of Engineering, Technology & Management",0627484110,Printing and Packing Technology,60
06274,"PVG's College of Engineering, Technology & Management",0627499510,Artificial Intelligence and Data Science,60
06276,"MKSSS's Cummins College of Engineering for Women, Karvenagar,Pune",0627624550F,Computer Engineering,180
06276,"MKSSS's Cummins College of Engineering for Women, Karvenagar,Pune",0627624650F,Information Technology,120
06276,"MKSSS's Cummins College of Engineering for Women, Karvenagar,Pune",0627637250F,Electronics and Telecommunication Engg,180
06276,"MKSSS's Cummins College of Engineering for Women, Karvenagar,Pune",0627646450F,Instrumentation and Control Engineering,60
06276,"MKSSS's Cummins College of Engineering for Women, Karvenagar,Pune",0627661250F,Mechanical Engineering,60
06277,"Dr. J. J. Magdum Charitable Trust's Dr. J.J. Magdum College of Engineering, Jaysingpur",0627719110,Civil Engineering,60
06277,"Dr. J. J. Magdum Charitable Trust's Dr. J.J. Magdum College of Engineering, Jaysingpur",0627724210,Computer Science and Engineering,90
06277,"Dr. J. J. Magdum Charitable Trust's Dr. J.J. Magdum College of Engineering, Jaysingpur",0627724610,Information Technology,90
06277,"Dr. J. J. Magdum Charitable Trust's Dr. J.J. Magdum College of Engineering, Jaysingpur",0627726310,Artificial Intelligence (AI) and Data Science,60
06277,"Dr. J. J. Magdum Charitable Trust's Dr. J.J. Magdum College of Engineering, Jaysingpur",0627737210,Electronics and Telecommunication Engg,60
06277,"Dr. J. J. Magdum Charitable Trust's Dr. J.J. Magdum College of Engineering, Jaysingpur",0627761210,Mechanical Engineering,60
06278,"All India Shri Shivaji Memorial Society's College of Engineering, Pune",0627819110,Civil Engineering,120
06278,"All India Shri Shivaji Memorial Society's College of Engineering, Pune",0627821910,Robotics and Automation,60
06278,"All India Shri Shivaji Memorial Society's College of Engineering, Pune",0627824510,Computer Engineering,120
06278,"All India Shri Shivaji Memorial Society's College of Engineering, Pune",0627829310,Electrical Engineering,60
06278,"All India Shri Shivaji Memorial Society's College of Engineering, Pune",0627837210,Electronics and Telecommunication Engg,60
06278,"All India Shri Shivaji Memorial Society's College of Engineering, Pune",0627837810,"Electronics Engineering ( VLSI Design and
Technology)",60
06278,"All India Shri Shivaji Memorial Society's College of Engineering, Pune",0627850710,Chemical Engineering,60
06278,"All India Shri Shivaji Memorial Society's College of Engineering, Pune",0627861210,Mechanical Engineering,120
06278,"All India Shri Shivaji Memorial Society's College of Engineering, Pune",0627862510,Mechanical Engineering[Sandwich],60
06278,"All India Shri Shivaji Memorial Society's College of Engineering, Pune",0627892110,Artificial Intelligence and Machine Learning,120
06282,"All India Shri Shivaji Memorial Society's Institute of Information Technology,Pune",0628224510,Computer Engineering,180
06282,"All India Shri Shivaji Memorial Society's Institute of Information Technology,Pune",0628224610,Information Technology,180
06282,"All India Shri Shivaji Memorial Society's Institute of Information Technology,Pune",0628229310,Electrical Engineering,60
06282,"All India Shri Shivaji Memorial Society's Institute of Information Technology,Pune",0628237210,Electronics and Telecommunication Engg,120
06282,"All India Shri Shivaji Memorial Society's Institute of Information Technology,Pune",0628246610,Instrumentation Engineering,60
06282,"All India Shri Shivaji Memorial Society's Institute of Information Technology,Pune",0628299510,Artificial Intelligence and Data Science,180
06283,"Annasaheb Dange College of Engineering and Technology, Ashta, Sangli",0628300210,Aeronautical Engineering,60
06283,"Annasaheb Dange College of Engineering and Technology, Ashta, Sangli",0628319110,Civil Engineering,60
06283,"Annasaheb Dange College of Engineering and Technology, Ashta, Sangli",0628324210,Computer Science and Engineering,180
06283,"Annasaheb Dange College of Engineering and Technology, Ashta, Sangli",0628326310,Artificial Intelligence (AI) and Data Science,60
06283,"Annasaheb Dange College of Engineering and Technology, Ashta, Sangli",0628326610,Robotics and Artificial Intelligence,60
06283,"Annasaheb Dange College of Engineering and Technology, Ashta, Sangli",0628329310,Electrical Engineering,120
06283,"Annasaheb Dange College of Engineering and Technology, Ashta, Sangli",0628350310,Food Technology,30
06283,"Annasaheb Dange College of Engineering and Technology, Ashta, Sangli",0628361210,Mechanical Engineering,120
06283,"Annasaheb Dange College of Engineering and Technology, Ashta, Sangli",0628392010,"Computer Science and Engineering (Internet of
Things and Cyber Security Including Block Chain
Technology)",60
06284,"Vidya Pratishthan's Kamalnayan Bajaj Institute of Engineering & Technology, Baramati Dist.Pune",0628419110,Civil Engineering,60
06284,"Vidya Pratishthan's Kamalnayan Bajaj Institute of Engineering & Technology, Baramati Dist.Pune",0628424510,Computer Engineering,240
06284,"Vidya Pratishthan's Kamalnayan Bajaj Institute of Engineering & Technology, Baramati Dist.Pune",0628424610,Information Technology,120
06284,"Vidya Pratishthan's Kamalnayan Bajaj Institute of Engineering & Technology, Baramati Dist.Pune",0628429310,Electrical Engineering,60
06284,"Vidya Pratishthan's Kamalnayan Bajaj Institute of Engineering & Technology, Baramati Dist.Pune",0628437210,Electronics and Telecommunication Engg,60
06284,"Vidya Pratishthan's Kamalnayan Bajaj Institute of Engineering & Technology, Baramati Dist.Pune",0628461210,Mechanical Engineering,60
06284,"Vidya Pratishthan's Kamalnayan Bajaj Institute of Engineering & Technology, Baramati Dist.Pune",0628499510,Artificial Intelligence and Data Science,300
06298,"Zeal Education Society's Zeal College of Engineering & Reserch, Narhe, Pune",0629819110,Civil Engineering,60
06298,"Zeal Education Society's Zeal College of Engineering & Reserch, Narhe, Pune",0629821910,Robotics and Automation,180
06298,"Zeal Education Society's Zeal College of Engineering & Reserch, Narhe, Pune",0629824510,Computer Engineering,360
06298,"Zeal Education Society's Zeal College of Engineering & Reserch, Narhe, Pune",0629824610,Information Technology,180
06298,"Zeal Education Society's Zeal College of Engineering & Reserch, Narhe, Pune",0629827110,Computer Engineering (Regional Language),60
06298,"Zeal Education Society's Zeal College of Engineering & Reserch, Narhe, Pune",0629829310,Electrical Engineering,180
06298,"Zeal Education Society's Zeal College of Engineering & Reserch, Narhe, Pune",0629837210,Electronics and Telecommunication Engg,180
06298,"Zeal Education Society's Zeal College of Engineering & Reserch, Narhe, Pune",0629861210,Mechanical Engineering,180
06298,"Zeal Education Society's Zeal College of Engineering & Reserch, Narhe, Pune",0629884410,Electronics and Computer Engineering,180
06298,"Zeal Education Society's Zeal College of Engineering & Reserch, Narhe, Pune",0629892110,Artificial Intelligence and Machine Learning,180
06298,"Zeal Education Society's Zeal College of Engineering & Reserch, Narhe, Pune",0629899510,Artificial Intelligence and Data Science,360
06304,"Loknete Hanumantrao Charitable Trust's Adarsh Institute of Technology and Research Centre, Vita,Sangli",0630419110,Civil Engineering,30
06304,"Loknete Hanumantrao Charitable Trust's Adarsh Institute of Technology and Research Centre, Vita,Sangli",0630424210,Computer Science and Engineering,120
06304,"Loknete Hanumantrao Charitable Trust's Adarsh Institute of Technology and Research Centre, Vita,Sangli",0630429310,Electrical Engineering,60
06304,"Loknete Hanumantrao Charitable Trust's Adarsh Institute of Technology and Research Centre, Vita,Sangli",0630437210,Electronics and Telecommunication Engg,30
06304,"Loknete Hanumantrao Charitable Trust's Adarsh Institute of Technology and Research Centre, Vita,Sangli",0630461210,Mechanical Engineering,30
06304,"Loknete Hanumantrao Charitable Trust's Adarsh Institute of Technology and Research Centre, Vita,Sangli",0630492110,Artificial Intelligence and Machine Learning,120
06305,"Late Narayandas Bhawandas Chhabada Institute of Engineering & Technology, Satara",0630519110,Civil Engineering,18
06305,"Late Narayandas Bhawandas Chhabada Institute of Engineering & Technology, Satara",0630524210,Computer Science and Engineering,60
06305,"Late Narayandas Bhawandas Chhabada Institute of Engineering & Technology, Satara",0630524610,Information Technology,60
06305,"Late Narayandas Bhawandas Chhabada Institute of Engineering & Technology, Satara",0630537210,Electronics and Telecommunication Engg,36
06305,"Late Narayandas Bhawandas Chhabada Institute of Engineering & Technology, Satara",0630561210,Mechanical Engineering,36
06310,"Nutan Maharashtra Vidya Prasarak Mandal, Nutan Maharashtra Institute of Engineering &Technology, Talegaon station, Pune",0631024210,Computer Science and Engineering,180
06310,"Nutan Maharashtra Vidya Prasarak Mandal, Nutan Maharashtra Institute of Engineering &Technology, Talegaon station, Pune",0631024510,Computer Engineering,240
06310,"Nutan Maharashtra Vidya Prasarak Mandal, Nutan Maharashtra Institute of Engineering &Technology, Talegaon station, Pune",0631024610,Information Technology,120
06310,"Nutan Maharashtra Vidya Prasarak Mandal, Nutan Maharashtra Institute of Engineering &Technology, Talegaon station, Pune",0631037210,Electronics and Telecommunication Engg,120
06310,"Nutan Maharashtra Vidya Prasarak Mandal, Nutan Maharashtra Institute of Engineering &Technology, Talegaon station, Pune",0631061210,Mechanical Engineering,120
06310,"Nutan Maharashtra Vidya Prasarak Mandal, Nutan Maharashtra Institute of Engineering &Technology, Talegaon station, Pune",0631084410,Electronics and Computer Engineering,120
06310,"Nutan Maharashtra Vidya Prasarak Mandal, Nutan Maharashtra Institute of Engineering &Technology, Talegaon station, Pune",0631091310,"Computer Science and Engineering (Artificial
Intelligence)",60
06310,"Nutan Maharashtra Vidya Prasarak Mandal, Nutan Maharashtra Institute of Engineering &Technology, Talegaon station, Pune",0631099510,Artificial Intelligence and Data Science,120
06317,"Sharad Institute of Technology College of Engineering, Yadrav(Ichalkaranji)",0631719110,Civil Engineering,30
06317,"Sharad Institute of Technology College of Engineering, Yadrav(Ichalkaranji)",0631724210,Computer Science and Engineering,180
06317,"Sharad Institute of Technology College of Engineering, Yadrav(Ichalkaranji)",0631729310,Electrical Engineering,60
06317,"Sharad Institute of Technology College of Engineering, Yadrav(Ichalkaranji)",0631761210,Mechanical Engineering,60
06317,"Sharad Institute of Technology College of Engineering, Yadrav(Ichalkaranji)",0631762410,Mechatronics Engineering,60
06317,"Sharad Institute of Technology College of Engineering, Yadrav(Ichalkaranji)",0631784410,Electronics and Computer Engineering,120
06317,"Sharad Institute of Technology College of Engineering, Yadrav(Ichalkaranji)",0631791610,Automation and Robotics,120
06317,"Sharad Institute of Technology College of Engineering, Yadrav(Ichalkaranji)",0631799510,Artificial Intelligence and Data Science,60
06545,"Samarth Education Trust's Arvind Gavali College Of Engineering Panwalewadi, Varye,Satara.",0654524210,Computer Science and Engineering,120
06545,"Samarth Education Trust's Arvind Gavali College Of Engineering Panwalewadi, Varye,Satara.",0654526310,Artificial Intelligence (AI) and Data Science,60
06545,"Samarth Education Trust's Arvind Gavali College Of Engineering Panwalewadi, Varye,Satara.",0654529310,Electrical Engineering,30
06545,"Samarth Education Trust's Arvind Gavali College Of Engineering Panwalewadi, Varye,Satara.",0654537210,Electronics and Telecommunication Engg,60
06545,"Samarth Education Trust's Arvind Gavali College Of Engineering Panwalewadi, Varye,Satara.",0654561210,Mechanical Engineering,30
06545,"Samarth Education Trust's Arvind Gavali College Of Engineering Panwalewadi, Varye,Satara.",0654584410,Electronics and Computer Engineering,60
06644,"Shri. Ambabai Talim Sanstha's Sanjay Bhokare Group of Institutes, Miraj",0664419110,Civil Engineering,30
06644,"Shri. Ambabai Talim Sanstha's Sanjay Bhokare Group of Institutes, Miraj",0664424510,Computer Engineering,60
06644,"Shri. Ambabai Talim Sanstha's Sanjay Bhokare Group of Institutes, Miraj",0664429310,Electrical Engineering,30
06644,"Shri. Ambabai Talim Sanstha's Sanjay Bhokare Group of Institutes, Miraj",0664437210,Electronics and Telecommunication Engg,30
06644,"Shri. Ambabai Talim Sanstha's Sanjay Bhokare Group of Institutes, Miraj",0664461210,Mechanical Engineering,30
06644,"Shri. Ambabai Talim Sanstha's Sanjay Bhokare Group of Institutes, Miraj",0664490010,Electronics and Computer Science,60
06644,"Shri. Ambabai Talim Sanstha's Sanjay Bhokare Group of Institutes, Miraj",0664491110,"Computer Science and Engineering(Artificial
Intelligence and Machine Learning)",60
06754,"International Institute of Information Technology (I²IT), Pune.",0675424510,Computer Engineering,180
06754,"International Institute of Information Technology (I²IT), Pune.",0675424610,Information Technology,120
06754,"International Institute of Information Technology (I²IT), Pune.",0675437210,Electronics and Telecommunication Engg,60
06756,"Fabtech Technical Campus College of Engineering and Research, Sangola",0675619110,Civil Engineering,60
06756,"Fabtech Technical Campus College of Engineering and Research, Sangola",0675624210,Computer Science and Engineering,120
06756,"Fabtech Technical Campus College of Engineering and Research, Sangola",0675629310,Electrical Engineering,30
06756,"Fabtech Technical Campus College of Engineering and Research, Sangola",0675637210,Electronics and Telecommunication Engg,60
06756,"Fabtech Technical Campus College of Engineering and Research, Sangola",0675661210,Mechanical Engineering,60
06756,"Fabtech Technical Campus College of Engineering and Research, Sangola",0675699510,Artificial Intelligence and Data Science,30
06780,"D.Y.Patil Education Society's,D.Y.Patil Technical Campus, Faculty of Engineering & Faculty of Management,Talsande,Kolhapur.",0678091210,Computer Science and Engineering(Data Science),60
06780,"D.Y.Patil Education Society's,D.Y.Patil Technical Campus, Faculty of Engineering & Faculty of Management,Talsande,Kolhapur.",0678019110,Civil Engineering,30
06780,"D.Y.Patil Education Society's,D.Y.Patil Technical Campus, Faculty of Engineering & Faculty of Management,Talsande,Kolhapur.",0678024210,Computer Science and Engineering,180
06780,"D.Y.Patil Education Society's,D.Y.Patil Technical Campus, Faculty of Engineering & Faculty of Management,Talsande,Kolhapur.",0678029310,Electrical Engineering,60
06780,"D.Y.Patil Education Society's,D.Y.Patil Technical Campus, Faculty of Engineering & Faculty of Management,Talsande,Kolhapur.",0678061210,Mechanical Engineering,30
06822,"Pimpri Chinchwad Education Trust's Pimpri Chinchwad College Of Engineering And Research, Ravet",0682219110,Civil Engineering,60
06822,"Pimpri Chinchwad Education Trust's Pimpri Chinchwad College Of Engineering And Research, Ravet",0682224510,Computer Engineering,360
06822,"Pimpri Chinchwad Education Trust's Pimpri Chinchwad College Of Engineering And Research, Ravet",0682224610,Information Technology,60
06822,"Pimpri Chinchwad Education Trust's Pimpri Chinchwad College Of Engineering And Research, Ravet",0682237210,Electronics and Telecommunication Engg,60
06822,"Pimpri Chinchwad Education Trust's Pimpri Chinchwad College Of Engineering And Research, Ravet",0682261210,Mechanical Engineering,60
06834,"Dr.D.Y.Patil College Of Engineering & Innovation,Talegaon",0683424510,Computer Engineering,180
06834,"Dr.D.Y.Patil College Of Engineering & Innovation,Talegaon",0683426310,Artificial Intelligence (AI) and Data Science,120
06834,"Dr.D.Y.Patil College Of Engineering & Innovation,Talegaon",0683492110,Artificial Intelligence and Machine Learning,120
14005,"Laxminarayan Innovation Technological University, Nagpur",1400550110,Plastic and Polymer Engineering,12
14005,"Laxminarayan Innovation Technological University, Nagpur",1400550310,Food Technology,12
14005,"Laxminarayan Innovation Technological University, Nagpur",1400550710,Chemical Engineering,75
14005,"Laxminarayan Innovation Technological University, Nagpur",1400552410,Paper and Pulp Technology,12
14005,"Laxminarayan Innovation Technological University, Nagpur",1400552710,Petro Chemical Engineering,12
14005,"Laxminarayan Innovation Technological University, Nagpur",1400552910,Oil Technology,12
14005,"Laxminarayan Innovation Technological University, Nagpur",1400572910,Surface Coating Technology,15
16006,COEP Technological University,1600619110,Civil Engineering,150
16006,COEP Technological University,1600624210,Computer Science and Engineering,300
16006,COEP Technological University,1600629310,Electrical Engineering,150
16006,COEP Technological University,1600637210,Electronics and Telecommunication Engg,150
16006,COEP Technological University,1600646410,Instrumentation and Control Engineering,60
16006,COEP Technological University,1600661210,Mechanical Engineering,150
16006,COEP Technological University,1600662710,Manufacturing Science and Engineering,75
16006,COEP Technological University,1600669410,Metallurgy and Material Technology,75
16006,COEP Technological University,1600692110,Artificial Intelligence and Machine Learning,75
02021,"University Department of Chemical Technology, Aurangabad",0202150310,Food Technology,10
02021,"University Department of Chemical Technology, Aurangabad",0202181610,Pharmaceutical and Fine Chemical Technology,12
02137,"Nagnathappa Halge Engineering College, Parli, Beed",0213719110,Civil Engineering,90
02137,"Nagnathappa Halge Engineering College, Parli, Beed",0213724210,Computer Science and Engineering,60
02137,"Nagnathappa Halge Engineering College, Parli, Beed",0213729710,Electrical and Electronics Engineering,30
02137,"Nagnathappa Halge Engineering College, Parli, Beed",0213761210,Mechanical Engineering,60
02146,"Adarsh Shikshan Prasarak Mandal's K. T. Patil College of Engineering and Technology, Osmanabad",0214619110,Civil Engineering,30
02146,"Adarsh Shikshan Prasarak Mandal's K. T. Patil College of Engineering and Technology, Osmanabad",0214624210,Computer Science and Engineering,30
02146,"Adarsh Shikshan Prasarak Mandal's K. T. Patil College of Engineering and Technology, Osmanabad",0214629710,Electrical and Electronics Engineering,30
02146,"Adarsh Shikshan Prasarak Mandal's K. T. Patil College of Engineering and Technology, Osmanabad",0214637210,Electronics and Telecommunication Engg,30
02146,"Adarsh Shikshan Prasarak Mandal's K. T. Patil College of Engineering and Technology, Osmanabad",0214661210,Mechanical Engineering,30
02516,International Centre Of Excellence In Engineering and Management (ICEEM),0251624210,Computer Science and Engineering,120
02516,International Centre Of Excellence In Engineering and Management (ICEEM),0251629710,Electrical and Electronics Engineering,30
02516,International Centre Of Excellence In Engineering and Management (ICEEM),0251661210,Mechanical Engineering,30
02516,International Centre Of Excellence In Engineering and Management (ICEEM),0251692110,Artificial Intelligence and Machine Learning,90
02666,Mangaldeep College of Engineering,0266624210,Computer Science and Engineering,120
02666,Mangaldeep College of Engineering,0266624610,Information Technology,30
02666,Mangaldeep College of Engineering,0266656610,Computer Science,120
02666,Mangaldeep College of Engineering,0266692110,Artificial Intelligence and Machine Learning,30
02777,CDS College of Engineering,0277724210,Computer Science and Engineering,60
02777,CDS College of Engineering,0277724610,Information Technology,60
02777,CDS College of Engineering,0277737210,Electronics and Telecommunication Engg,60
02777,CDS College of Engineering,0277761210,Mechanical Engineering,60
02777,CDS College of Engineering,0277799710,Artificial Intelligence,60
01012,"Government College of Engineering,Yavatmal",0101219110,Civil Engineering,60
01012,"Government College of Engineering,Yavatmal",0101224510,Computer Engineering,60
01012,"Government College of Engineering,Yavatmal",0101229310,Electrical Engineering,60
01012,"Government College of Engineering,Yavatmal",0101237210,Electronics and Telecommunication Engg,60
01012,"Government College of Engineering,Yavatmal",0101261210,Mechanical Engineering,60
02015,"PURANMAL LAHOTI GOVERNMENT INSTITUTE OF ENGINEERING AND TECHNOLOGY, LATUR",0201524510,Computer Engineering,60
02015,"PURANMAL LAHOTI GOVERNMENT INSTITUTE OF ENGINEERING AND TECHNOLOGY, LATUR",0201537210,Electronics and Telecommunication Engg,60
02015,"PURANMAL LAHOTI GOVERNMENT INSTITUTE OF ENGINEERING AND TECHNOLOGY, LATUR",0201599510,Artificial Intelligence and Data Science,60
02111,"Everest Education Society, Group of Institutions (Integrated Campus), Ohar",0211119110,Civil Engineering,30
02111,"Everest Education Society, Group of Institutions (Integrated Campus), Ohar",0211124210,Computer Science and Engineering,90
02111,"Everest Education Society, Group of Institutions (Integrated Campus), Ohar",0211129310,Electrical Engineering,30
02111,"Everest Education Society, Group of Institutions (Integrated Campus), Ohar",0211161210,Mechanical Engineering,60
02111,"Everest Education Society, Group of Institutions (Integrated Campus), Ohar",0211192110,Artificial Intelligence and Machine Learning,60
02111,"Everest Education Society, Group of Institutions (Integrated Campus), Ohar",0211199510,Artificial Intelligence and Data Science,60
02112,"Shree Yash Pratishthan, Shreeyash College of Engineering and Technology, Aurangabad",0211219110,Civil Engineering,60
02112,"Shree Yash Pratishthan, Shreeyash College of Engineering and Technology, Aurangabad",0211224210,Computer Science and Engineering,180
02112,"Shree Yash Pratishthan, Shreeyash College of Engineering and Technology, Aurangabad",0211229310,Electrical Engineering,60
02112,"Shree Yash Pratishthan, Shreeyash College of Engineering and Technology, Aurangabad",0211261210,Mechanical Engineering,60
02112,"Shree Yash Pratishthan, Shreeyash College of Engineering and Technology, Aurangabad",0211284410,Electronics and Computer Engineering,60
02112,"Shree Yash Pratishthan, Shreeyash College of Engineering and Technology, Aurangabad",0211291110,"Computer Science and Engineering(Artificial
Intelligence and Machine Learning)",60
02112,"Shree Yash Pratishthan, Shreeyash College of Engineering and Technology, Aurangabad",0211291210,Computer Science and Engineering(Data Science),60
02112,"Shree Yash Pratishthan, Shreeyash College of Engineering and Technology, Aurangabad",0211292910,VLSI,30
02112,"Shree Yash Pratishthan, Shreeyash College of Engineering and Technology, Aurangabad",0211293210,5G,30
02116,"Matoshri Pratishan's Group of Institutions (Integrated Campus), Kupsarwadi , Nanded",0211619110,Civil Engineering,60
02116,"Matoshri Pratishan's Group of Institutions (Integrated Campus), Kupsarwadi , Nanded",0211624210,Computer Science and Engineering,60
02116,"Matoshri Pratishan's Group of Institutions (Integrated Campus), Kupsarwadi , Nanded",0211626310,Artificial Intelligence (AI) and Data Science,30
02116,"Matoshri Pratishan's Group of Institutions (Integrated Campus), Kupsarwadi , Nanded",0211629310,Electrical Engineering,60
02116,"Matoshri Pratishan's Group of Institutions (Integrated Campus), Kupsarwadi , Nanded",0211637210,Electronics and Telecommunication Engg,30
02116,"Matoshri Pratishan's Group of Institutions (Integrated Campus), Kupsarwadi , Nanded",0211661510,Mechanical & Automation Engineering,30
02116,"Matoshri Pratishan's Group of Institutions (Integrated Campus), Kupsarwadi , Nanded",0211691110,"Computer Science and Engineering(Artificial
Intelligence and Machine Learning)",30
02127,"Mahatma Gandhi Missions College of Engineering, Hingoli Rd, Nanded.",0212719110,Civil Engineering,60
02127,"Mahatma Gandhi Missions College of Engineering, Hingoli Rd, Nanded.",0212724210,Computer Science and Engineering,180
02127,"Mahatma Gandhi Missions College of Engineering, Hingoli Rd, Nanded.",0212724610,Information Technology,120
02127,"Mahatma Gandhi Missions College of Engineering, Hingoli Rd, Nanded.",0212737210,Electronics and Telecommunication Engg,60
02127,"Mahatma Gandhi Missions College of Engineering, Hingoli Rd, Nanded.",0212761210,Mechanical Engineering,60
02127,"Mahatma Gandhi Missions College of Engineering, Hingoli Rd, Nanded.",0212791610,Automation and Robotics,60
02127,"Mahatma Gandhi Missions College of Engineering, Hingoli Rd, Nanded.",0212792110,Artificial Intelligence and Machine Learning,60
02129,"M.S. Bidve Engineering College, Latur",0212919110,Civil Engineering,60
02129,"M.S. Bidve Engineering College, Latur",0212924210,Computer Science and Engineering,120
02129,"M.S. Bidve Engineering College, Latur",0212924610,Information Technology,60
02129,"M.S. Bidve Engineering College, Latur",0212929310,Electrical Engineering,60
02129,"M.S. Bidve Engineering College, Latur",0212937210,Electronics and Telecommunication Engg,60
02129,"M.S. Bidve Engineering College, Latur",0212961210,Mechanical Engineering,60
02129,"M.S. Bidve Engineering College, Latur",0212991110,"Computer Science and Engineering(Artificial
Intelligence and Machine Learning)",60
02130,"Terna Public Charitable Trust's College of Engineering, Osmanabad",0213019110,Civil Engineering,60
02130,"Terna Public Charitable Trust's College of Engineering, Osmanabad",0213024210,Computer Science and Engineering,60
02130,"Terna Public Charitable Trust's College of Engineering, Osmanabad",0213037210,Electronics and Telecommunication Engg,60
02130,"Terna Public Charitable Trust's College of Engineering, Osmanabad",0213061210,Mechanical Engineering,60
02130,"Terna Public Charitable Trust's College of Engineering, Osmanabad",0213099510,Artificial Intelligence and Data Science,60
02131,"Shree Tuljabhavani College of Engineering, Tuljapur",0213119110,Civil Engineering,30
02131,"Shree Tuljabhavani College of Engineering, Tuljapur",0213124210,Computer Science and Engineering,120
02131,"Shree Tuljabhavani College of Engineering, Tuljapur",0213137210,Electronics and Telecommunication Engg,60
02131,"Shree Tuljabhavani College of Engineering, Tuljapur",0213161210,Mechanical Engineering,30
02133,"Mahatma Basaweshwar Education Society's College of Engineering, Ambejogai",0213319110,Civil Engineering,60
02133,"Mahatma Basaweshwar Education Society's College of Engineering, Ambejogai",0213324210,Computer Science and Engineering,120
02133,"Mahatma Basaweshwar Education Society's College of Engineering, Ambejogai",0213329310,Electrical Engineering,60
02133,"Mahatma Basaweshwar Education Society's College of Engineering, Ambejogai",0213361210,Mechanical Engineering,30
02133,"Mahatma Basaweshwar Education Society's College of Engineering, Ambejogai",0213384410,Electronics and Computer Engineering,60
02133,"Mahatma Basaweshwar Education Society's College of Engineering, Ambejogai",0213391710,Data Science,60
02133,"Mahatma Basaweshwar Education Society's College of Engineering, Ambejogai",0213399710,Artificial Intelligence,60
02135,"Hi-Tech Institute of Technology, Aurangabad",0213519110,Civil Engineering,60
02135,"Hi-Tech Institute of Technology, Aurangabad",0213524210,Computer Science and Engineering,180
02135,"Hi-Tech Institute of Technology, Aurangabad",0213561210,Mechanical Engineering,60
02135,"Hi-Tech Institute of Technology, Aurangabad",0213591110,"Computer Science and Engineering(Artificial
Intelligence and Machine Learning)",60
02136,"Aditya Engineering College , Beed",0213619110,Civil Engineering,180
02136,"Aditya Engineering College , Beed",0213624210,Computer Science and Engineering,60
02136,"Aditya Engineering College , Beed",0213624610,Information Technology,60
02136,"Aditya Engineering College , Beed",0213629310,Electrical Engineering,180
02136,"Aditya Engineering College , Beed",0213637210,Electronics and Telecommunication Engg,60
02136,"Aditya Engineering College , Beed",0213661210,Mechanical Engineering,180
02136,"Aditya Engineering College , Beed",0213691210,Computer Science and Engineering(Data Science),30
02136,"Aditya Engineering College , Beed",0213692110,Artificial Intelligence and Machine Learning,30
02138,"Matsyodari Shikshan Sansatha's College of Engineering and Technology, Jalna",0213819110,Civil Engineering,60
02138,"Matsyodari Shikshan Sansatha's College of Engineering and Technology, Jalna",0213824210,Computer Science and Engineering,60
02138,"Matsyodari Shikshan Sansatha's College of Engineering and Technology, Jalna",0213829310,Electrical Engineering,60
02138,"Matsyodari Shikshan Sansatha's College of Engineering and Technology, Jalna",0213861210,Mechanical Engineering,60
02189,"Vishweshwarayya Institute Of Engineering And Technology, Almala, Tq. Ausa, Dist. Latur",0218919110,Civil Engineering,60
02189,"Vishweshwarayya Institute Of Engineering And Technology, Almala, Tq. Ausa, Dist. Latur",0218937210,Electronics and Telecommunication Engg,60
02189,"Vishweshwarayya Institute Of Engineering And Technology, Almala, Tq. Ausa, Dist. Latur",0218992510,"Computer Science and Engineering (Artificial
Intelligence and Data Science)",60
02250,"Aurangabad College of Engineering, Naygaon Savangi, Aurangabad",0225019110,Civil Engineering,60
02250,"Aurangabad College of Engineering, Naygaon Savangi, Aurangabad",0225024210,Computer Science and Engineering,60
02250,"Aurangabad College of Engineering, Naygaon Savangi, Aurangabad",0225029310,Electrical Engineering,90
02250,"Aurangabad College of Engineering, Naygaon Savangi, Aurangabad",0225037210,Electronics and Telecommunication Engg,15
02250,"Aurangabad College of Engineering, Naygaon Savangi, Aurangabad",0225061210,Mechanical Engineering,90
02250,"Aurangabad College of Engineering, Naygaon Savangi, Aurangabad",0225099510,Artificial Intelligence and Data Science,60
02252,"Marathwada Shikshan Prasarak Mandal's Shri Shivaji Institute of Engineering and Management Studies, Parbhani",0225219110,Civil Engineering,60
02252,"Marathwada Shikshan Prasarak Mandal's Shri Shivaji Institute of Engineering and Management Studies, Parbhani",0225224210,Computer Science and Engineering,60
02252,"Marathwada Shikshan Prasarak Mandal's Shri Shivaji Institute of Engineering and Management Studies, Parbhani",0225229710,Electrical and Electronics Engineering,30
02252,"Marathwada Shikshan Prasarak Mandal's Shri Shivaji Institute of Engineering and Management Studies, Parbhani",0225261210,Mechanical Engineering,60
02254,"Vilasrao Deshmukh Foundation Group of Institutions, Latur",0225419110,Civil Engineering,60
02254,"Vilasrao Deshmukh Foundation Group of Institutions, Latur",0225424510,Computer Engineering,60
02254,"Vilasrao Deshmukh Foundation Group of Institutions, Latur",0225424610,Information Technology,60
02254,"Vilasrao Deshmukh Foundation Group of Institutions, Latur",0225429310,Electrical Engineering,60
02254,"Vilasrao Deshmukh Foundation Group of Institutions, Latur",0225437210,Electronics and Telecommunication Engg,60
02254,"Vilasrao Deshmukh Foundation Group of Institutions, Latur",0225461210,Mechanical Engineering,60
02282,"Mitthulalji Sarada Institute Of Technology, Nalwandi Road, Beed",0228219110,Civil Engineering,60
02282,"Mitthulalji Sarada Institute Of Technology, Nalwandi Road, Beed",0228224510,Computer Engineering,90
02282,"Mitthulalji Sarada Institute Of Technology, Nalwandi Road, Beed",0228224610,Information Technology,30
02282,"Mitthulalji Sarada Institute Of Technology, Nalwandi Road, Beed",0228229310,Electrical Engineering,90
02282,"Mitthulalji Sarada Institute Of Technology, Nalwandi Road, Beed",0228261210,Mechanical Engineering,30
02282,"Mitthulalji Sarada Institute Of Technology, Nalwandi Road, Beed",0228290010,Electronics and Computer Science,60
02508,GRAMIN TECHNICAL AND MANAGEMENT CAMPUS NANDED.,0250824210,Computer Science and Engineering,120
02508,GRAMIN TECHNICAL AND MANAGEMENT CAMPUS NANDED.,0250850310,Food Technology,30
02508,GRAMIN TECHNICAL AND MANAGEMENT CAMPUS NANDED.,0250891110,"Computer Science and Engineering(Artificial
Intelligence and Machine Learning)",60
02508,GRAMIN TECHNICAL AND MANAGEMENT CAMPUS NANDED.,0250891410,Safety and Fire Engineering,60
02508,GRAMIN TECHNICAL AND MANAGEMENT CAMPUS NANDED.,0250890610,Civil Engineering (Structural Engineering),60
02508,GRAMIN TECHNICAL AND MANAGEMENT CAMPUS NANDED.,0250890710,Food Engineering,60
02508,GRAMIN TECHNICAL AND MANAGEMENT CAMPUS NANDED.,0250890810,Mechanical and Automation Engineering,60
02508,GRAMIN TECHNICAL AND MANAGEMENT CAMPUS NANDED.,0250890910,Electronics & Telecommunication Engineering,60
02508,GRAMIN TECHNICAL AND MANAGEMENT CAMPUS NANDED.,0250893710,Electrical Engineering,60
02522,"STMEI's Sandipani Technical Campus-Faculty of Engineering, Latur.",0252219110,Civil Engineering,60
02522,"STMEI's Sandipani Technical Campus-Faculty of Engineering, Latur.",0252224510,Computer Engineering,120
02522,"STMEI's Sandipani Technical Campus-Faculty of Engineering, Latur.",0252224610,Information Technology,60
02522,"STMEI's Sandipani Technical Campus-Faculty of Engineering, Latur.",0252237210,Electronics and Telecommunication Engg,60
02522,"STMEI's Sandipani Technical Campus-Faculty of Engineering, Latur.",0252261210,Mechanical Engineering,60
02522,"STMEI's Sandipani Technical Campus-Faculty of Engineering, Latur.",0252299510,Artificial Intelligence and Data Science,60
02533,"CSMSS Chh. Shahu College of Engineering, Aurangabad",0253319110,Civil Engineering,60
02533,"CSMSS Chh. Shahu College of Engineering, Aurangabad",0253324210,Computer Science and Engineering,180
02533,"CSMSS Chh. Shahu College of Engineering, Aurangabad",0253329310,Electrical Engineering,60
02533,"CSMSS Chh. Shahu College of Engineering, Aurangabad",0253337810,"Electronics Engineering ( VLSI Design and
Technology)",60
02533,"CSMSS Chh. Shahu College of Engineering, Aurangabad",0253361210,Mechanical Engineering,120
02533,"CSMSS Chh. Shahu College of Engineering, Aurangabad",0253384410,Electronics and Computer Engineering,120
02533,"CSMSS Chh. Shahu College of Engineering, Aurangabad",0253392810,"Electronics and Communication(Advanced
Communication Technology)",60
02533,"CSMSS Chh. Shahu College of Engineering, Aurangabad",0253399510,Artificial Intelligence and Data Science,180
02634,"Eaglewood Polytechnic Institute, A.P Phulepimpalgaon",0263419110,Civil Engineering,60
02634,"Eaglewood Polytechnic Institute, A.P Phulepimpalgaon",0263424510,Computer Engineering,60
02634,"Eaglewood Polytechnic Institute, A.P Phulepimpalgaon",0263429310,Electrical Engineering,60
02634,"Eaglewood Polytechnic Institute, A.P Phulepimpalgaon",0263492110,Artificial Intelligence and Machine Learning,60
02637,"Jijau Institute of Engineering Technology and Management, Khandgaon (Bendri), Taluka Naigaon, District Nanded",0263719110,Civil Engineering,30
02637,"Jijau Institute of Engineering Technology and Management, Khandgaon (Bendri), Taluka Naigaon, District Nanded",0263724510,Computer Engineering,120
02637,"Jijau Institute of Engineering Technology and Management, Khandgaon (Bendri), Taluka Naigaon, District Nanded",0263724610,Information Technology,60
02637,"Jijau Institute of Engineering Technology and Management, Khandgaon (Bendri), Taluka Naigaon, District Nanded",0263737210,Electronics and Telecommunication Engg,60
02637,"Jijau Institute of Engineering Technology and Management, Khandgaon (Bendri), Taluka Naigaon, District Nanded",0263799710,Artificial Intelligence,60
02641,Dr. V.K. Patil College of Engineering & Technology,0264119110,Civil Engineering,60
02641,Dr. V.K. Patil College of Engineering & Technology,0264124210,Computer Science and Engineering,60
02641,Dr. V.K. Patil College of Engineering & Technology,0264129310,Electrical Engineering,60
02641,Dr. V.K. Patil College of Engineering & Technology,0264161210,Mechanical Engineering,30
02641,Dr. V.K. Patil College of Engineering & Technology,0264199710,Artificial Intelligence,30
02758,Sant Eknath College of Engineering,0275824210,Computer Science and Engineering,120
02758,Sant Eknath College of Engineering,0275829310,Electrical Engineering,60
02758,Sant Eknath College of Engineering,0275861210,Mechanical Engineering,60
02758,Sant Eknath College of Engineering,0275899710,Artificial Intelligence,60
02770,"Shetkari Shikshan Prasarak Mandal's Mahesh Institute of Engineering and Technology , Ashti",0277019110,Civil Engineering,60
02770,"Shetkari Shikshan Prasarak Mandal's Mahesh Institute of Engineering and Technology , Ashti",0277024510,Computer Engineering,60
02770,"Shetkari Shikshan Prasarak Mandal's Mahesh Institute of Engineering and Technology , Ashti",0277029310,Electrical Engineering,60
02770,"Shetkari Shikshan Prasarak Mandal's Mahesh Institute of Engineering and Technology , Ashti",0277061210,Mechanical Engineering,60
02770,"Shetkari Shikshan Prasarak Mandal's Mahesh Institute of Engineering and Technology , Ashti",0277099510,Artificial Intelligence and Data Science,60
02771,Amolak College of Engineering Kada,0277124210,Computer Science and Engineering,60
02771,Amolak College of Engineering Kada,0277124610,Information Technology,60
02771,Amolak College of Engineering Kada,0277137210,Electronics and Telecommunication Engg,60
02771,Amolak College of Engineering Kada,0277199510,Artificial Intelligence and Data Science,60
02772,JSPM College of Engineering,0277219110,Civil Engineering,60
02772,JSPM College of Engineering,0277224510,Computer Engineering,60
02772,JSPM College of Engineering,0277237210,Electronics and Telecommunication Engg,60
02772,JSPM College of Engineering,0277292110,Artificial Intelligence and Machine Learning,60
02779,NKSPT INSTITUTE OF ENGINEERING AND TECHNOLOGY PATHIKAR CAMPUS,0277924210,Computer Science and Engineering,120
02779,NKSPT INSTITUTE OF ENGINEERING AND TECHNOLOGY PATHIKAR CAMPUS,0277924610,Information Technology,60
02779,NKSPT INSTITUTE OF ENGINEERING AND TECHNOLOGY PATHIKAR CAMPUS,0277937210,Electronics and Telecommunication Engg,60
02779,NKSPT INSTITUTE OF ENGINEERING AND TECHNOLOGY PATHIKAR CAMPUS,0277999510,Artificial Intelligence and Data Science,60
03025,Svkm's Shri Bhagubhai Mafatlal Polytechnic & College of Engineering,0302524270U,Computer Science and Engineering,60
03025,Svkm's Shri Bhagubhai Mafatlal Polytechnic & College of Engineering,0302524570U,Computer Engineering,60
03025,Svkm's Shri Bhagubhai Mafatlal Polytechnic & College of Engineering,0302524670U,Information Technology,60
03025,Svkm's Shri Bhagubhai Mafatlal Polytechnic & College of Engineering,0302591170U,"Computer Science and Engineering(Artificial
Intelligence and Machine Learning)",60
03033,"Dr. Babasaheb Ambedkar Technological University, Lonere",0303319110,Civil Engineering,46
03033,"Dr. Babasaheb Ambedkar Technological University, Lonere",0303319113K,Civil Engineering,8
03033,"Dr. Babasaheb Ambedkar Technological University, Lonere",0303324510,Computer Engineering,46
03033,"Dr. Babasaheb Ambedkar Technological University, Lonere",0303324513K,Computer Engineering,8
03033,"Dr. Babasaheb Ambedkar Technological University, Lonere",0303324610,Information Technology,46
03033,"Dr. Babasaheb Ambedkar Technological University, Lonere",0303324613K,Information Technology,8
03033,"Dr. Babasaheb Ambedkar Technological University, Lonere",0303329310,Electrical Engineering,46
03033,"Dr. Babasaheb Ambedkar Technological University, Lonere",0303329313K,Electrical Engineering,8
03033,"Dr. Babasaheb Ambedkar Technological University, Lonere",0303337210,Electronics and Telecommunication Engg,51
03033,"Dr. Babasaheb Ambedkar Technological University, Lonere",0303337213K,Electronics and Telecommunication Engg,9
03033,"Dr. Babasaheb Ambedkar Technological University, Lonere",0303337290L,Electronics and Telecommunication Engg,25
03033,"Dr. Babasaheb Ambedkar Technological University, Lonere",0303337293LK,Electronics and Telecommunication Engg,5
03033,"Dr. Babasaheb Ambedkar Technological University, Lonere",0303337810,"Electronics Engineering ( VLSI Design and
Technology)",25
03033,"Dr. Babasaheb Ambedkar Technological University, Lonere",0303337813K,"Electronics Engineering ( VLSI Design and
Technology)",5
03033,"Dr. Babasaheb Ambedkar Technological University, Lonere",0303350710,Chemical Engineering,46
03033,"Dr. Babasaheb Ambedkar Technological University, Lonere",0303350713K,Chemical Engineering,8
03033,"Dr. Babasaheb Ambedkar Technological University, Lonere",0303352710,Petro Chemical Engineering,46
03033,"Dr. Babasaheb Ambedkar Technological University, Lonere",0303352713K,Petro Chemical Engineering,8
03033,"Dr. Babasaheb Ambedkar Technological University, Lonere",0303361210,Mechanical Engineering,46
03033,"Dr. Babasaheb Ambedkar Technological University, Lonere",0303361213K,Mechanical Engineering,8
03033,"Dr. Babasaheb Ambedkar Technological University, Lonere",0303390510,Computer Science and Engineering,51
03033,"Dr. Babasaheb Ambedkar Technological University, Lonere",0303390513K,Computer Science and Engineering,9
03042,"Loknete Shamrao Peje Government College of Engineering, Ratnagiri",0304229310,Electrical Engineering,60
03042,"Loknete Shamrao Peje Government College of Engineering, Ratnagiri",0304250410,Food Technology And Management,60
03042,"Loknete Shamrao Peje Government College of Engineering, Ratnagiri",0304262410,Mechatronics Engineering,60
03042,"Loknete Shamrao Peje Government College of Engineering, Ratnagiri",0304291810,Civil and infrastructure Engineering,60
03042,"Loknete Shamrao Peje Government College of Engineering, Ratnagiri",0304299510,Artificial Intelligence and Data Science,60
03723,Navjeevan Education Society's College of Engineering,0372324210,Computer Science and Engineering,60
03723,Navjeevan Education Society's College of Engineering,0372324510,Computer Engineering,60
03723,Navjeevan Education Society's College of Engineering,0372324610,Information Technology,60
03723,Navjeevan Education Society's College of Engineering,0372329310,Electrical Engineering,60
03723,Navjeevan Education Society's College of Engineering,0372337210,Electronics and Telecommunication Engg,60
03723,Navjeevan Education Society's College of Engineering,0372399510,Artificial Intelligence and Data Science,60
03726,Imperial College of Engineering,0372624510,Computer Engineering,60
03726,Imperial College of Engineering,0372624610,Information Technology,60
03726,Imperial College of Engineering,0372637210,Electronics and Telecommunication Engg,60
03726,Imperial College of Engineering,0372699510,Artificial Intelligence and Data Science,60
04135,"Amar Seva Mandal's Shree Govindrao Vanjari College of Engineering & Technology, Nagpur",0413519110,Civil Engineering,60
04135,"Amar Seva Mandal's Shree Govindrao Vanjari College of Engineering & Technology, Nagpur",0413524210,Computer Science and Engineering,150
04135,"Amar Seva Mandal's Shree Govindrao Vanjari College of Engineering & Technology, Nagpur",0413524610,Information Technology,60
04135,"Amar Seva Mandal's Shree Govindrao Vanjari College of Engineering & Technology, Nagpur",0413529310,Electrical Engineering,60
04135,"Amar Seva Mandal's Shree Govindrao Vanjari College of Engineering & Technology, Nagpur",0413537210,Electronics and Telecommunication Engg,60
04135,"Amar Seva Mandal's Shree Govindrao Vanjari College of Engineering & Technology, Nagpur",0413561210,Mechanical Engineering,60
04135,"Amar Seva Mandal's Shree Govindrao Vanjari College of Engineering & Technology, Nagpur",0413591210,Computer Science and Engineering(Data Science),120
04163,Rajiv Gandhi College of Engineering Research & Technology Chandrapur,0416319110,Civil Engineering,60
04163,Rajiv Gandhi College of Engineering Research & Technology Chandrapur,0416324210,Computer Science and Engineering,150
04163,Rajiv Gandhi College of Engineering Research & Technology Chandrapur,0416329310,Electrical Engineering,60
04163,Rajiv Gandhi College of Engineering Research & Technology Chandrapur,0416337010,Electronics and Communication Engineering,90
04163,Rajiv Gandhi College of Engineering Research & Technology Chandrapur,0416361210,Mechanical Engineering,60
04163,Rajiv Gandhi College of Engineering Research & Technology Chandrapur,0416370110,Mining Engineering,90
04163,Rajiv Gandhi College of Engineering Research & Technology Chandrapur,0416391210,Computer Science and Engineering(Data Science),60
04181,"Swaminarayan Siddhanta Institute Of Technology, Nagpur",0418119110,Civil Engineering,60
04181,"Swaminarayan Siddhanta Institute Of Technology, Nagpur",0418124510,Computer Engineering,180
04181,"Swaminarayan Siddhanta Institute Of Technology, Nagpur",0418137210,Electronics and Telecommunication Engg,60
04181,"Swaminarayan Siddhanta Institute Of Technology, Nagpur",0418161210,Mechanical Engineering,60
04188,"Krushi Jivan Vikas Pratishthan, Ballarpur Institute of Technology, Mouza Bamni",0418819110,Civil Engineering,60
04188,"Krushi Jivan Vikas Pratishthan, Ballarpur Institute of Technology, Mouza Bamni",0418824210,Computer Science and Engineering,90
04188,"Krushi Jivan Vikas Pratishthan, Ballarpur Institute of Technology, Mouza Bamni",0418829310,Electrical Engineering,60
04188,"Krushi Jivan Vikas Pratishthan, Ballarpur Institute of Technology, Mouza Bamni",0418837210,Electronics and Telecommunication Engg,30
04188,"Krushi Jivan Vikas Pratishthan, Ballarpur Institute of Technology, Mouza Bamni",0418850310,Food Technology,60
04188,"Krushi Jivan Vikas Pratishthan, Ballarpur Institute of Technology, Mouza Bamni",0418861210,Mechanical Engineering,30
04188,"Krushi Jivan Vikas Pratishthan, Ballarpur Institute of Technology, Mouza Bamni",0418870110,Mining Engineering,120
04190,"M.D. Yergude Memorial Shikshan Prasarak Mandal's Shri Sai College of Engineering & Technology, Bhadrawati",0419019110,Civil Engineering,60
04190,"M.D. Yergude Memorial Shikshan Prasarak Mandal's Shri Sai College of Engineering & Technology, Bhadrawati",0419024210,Computer Science and Engineering,90
04190,"M.D. Yergude Memorial Shikshan Prasarak Mandal's Shri Sai College of Engineering & Technology, Bhadrawati",0419029310,Electrical Engineering,60
04190,"M.D. Yergude Memorial Shikshan Prasarak Mandal's Shri Sai College of Engineering & Technology, Bhadrawati",0419037010,Electronics and Communication Engineering,30
04190,"M.D. Yergude Memorial Shikshan Prasarak Mandal's Shri Sai College of Engineering & Technology, Bhadrawati",0419061210,Mechanical Engineering,60
04649,"Bajaj Institute of Technology, Wardha",0464919110,Civil Engineering,60
04649,"Bajaj Institute of Technology, Wardha",0464924510,Computer Engineering,120
04649,"Bajaj Institute of Technology, Wardha",0464929310,Electrical Engineering,60
04649,"Bajaj Institute of Technology, Wardha",0464961210,Mechanical Engineering,60
04679,"Karanjekar College of Engineering & Management, Sakoli",0467919110,Civil Engineering,60
04679,"Karanjekar College of Engineering & Management, Sakoli",0467924210,Computer Science and Engineering,120
04679,"Karanjekar College of Engineering & Management, Sakoli",0467926310,Artificial Intelligence (AI) and Data Science,120
04679,"Karanjekar College of Engineering & Management, Sakoli",0467929310,Electrical Engineering,60
04703,"Somayya Institute of Technology, Chandrapur",0470324210,Computer Science and Engineering,120
04703,"Somayya Institute of Technology, Chandrapur",0470326010,Computer Science and Engineering (Cyber Security),60
04703,"Somayya Institute of Technology, Chandrapur",0470329310,Electrical Engineering,60
04703,"Somayya Institute of Technology, Chandrapur",0470370110,Mining Engineering,60
04703,"Somayya Institute of Technology, Chandrapur",0470391210,Computer Science and Engineering(Data Science),60
04703,"Somayya Institute of Technology, Chandrapur",0470392110,Artificial Intelligence and Machine Learning,60
05103,"Shri Shivaji Vidya Prasarak Sanstha's Late Bapusaheb Shivaji Rao Deore College of Engineering,Dhule",0510319110,Civil Engineering,60
05103,"Shri Shivaji Vidya Prasarak Sanstha's Late Bapusaheb Shivaji Rao Deore College of Engineering,Dhule",0510324510,Computer Engineering,240
05103,"Shri Shivaji Vidya Prasarak Sanstha's Late Bapusaheb Shivaji Rao Deore College of Engineering,Dhule",0510337210,Electronics and Telecommunication Engg,120
05103,"Shri Shivaji Vidya Prasarak Sanstha's Late Bapusaheb Shivaji Rao Deore College of Engineering,Dhule",0510337610,Electronics Engineering,60
05103,"Shri Shivaji Vidya Prasarak Sanstha's Late Bapusaheb Shivaji Rao Deore College of Engineering,Dhule",0510361210,Mechanical Engineering,120
05103,"Shri Shivaji Vidya Prasarak Sanstha's Late Bapusaheb Shivaji Rao Deore College of Engineering,Dhule",0510384410,Electronics and Computer Engineering,120
05164,"P.S.G.V.P. Mandal's D.N. Patel College of Engineering, Shahada, Dist. Nandurbar",0516419110,Civil Engineering,60
05164,"P.S.G.V.P. Mandal's D.N. Patel College of Engineering, Shahada, Dist. Nandurbar",0516424510,Computer Engineering,90
05164,"P.S.G.V.P. Mandal's D.N. Patel College of Engineering, Shahada, Dist. Nandurbar",0516429310,Electrical Engineering,60
05164,"P.S.G.V.P. Mandal's D.N. Patel College of Engineering, Shahada, Dist. Nandurbar",0516437210,Electronics and Telecommunication Engg,48
05164,"P.S.G.V.P. Mandal's D.N. Patel College of Engineering, Shahada, Dist. Nandurbar",0516446610,Instrumentation Engineering,30
05164,"P.S.G.V.P. Mandal's D.N. Patel College of Engineering, Shahada, Dist. Nandurbar",0516461210,Mechanical Engineering,30
05164,"P.S.G.V.P. Mandal's D.N. Patel College of Engineering, Shahada, Dist. Nandurbar",0516499510,Artificial Intelligence and Data Science,30
05168,"T.M.E. Society's J.T.Mahajan College of Engineering, Faizpur",0516819110,Civil Engineering,30
05168,"T.M.E. Society's J.T.Mahajan College of Engineering, Faizpur",0516824510,Computer Engineering,60
05168,"T.M.E. Society's J.T.Mahajan College of Engineering, Faizpur",0516837210,Electronics and Telecommunication Engg,60
05168,"T.M.E. Society's J.T.Mahajan College of Engineering, Faizpur",0516861210,Mechanical Engineering,60
05171,"Godavari Foundation's Godavari College Of Engineering, Jalgaon",0517124510,Computer Engineering,120
05171,"Godavari Foundation's Godavari College Of Engineering, Jalgaon",0517126310,Artificial Intelligence (AI) and Data Science,60
05171,"Godavari Foundation's Godavari College Of Engineering, Jalgaon",0517129310,Electrical Engineering,60
05171,"Godavari Foundation's Godavari College Of Engineering, Jalgaon",0517137210,Electronics and Telecommunication Engg,60
05171,"Godavari Foundation's Godavari College Of Engineering, Jalgaon",0517161210,Mechanical Engineering,60
05223,"SMT. SHARCHCHANDRIKA SURESH PATIL INSTITUTE OF TECHNOLOGY (ENGINEERING & POLYTECHNIC), CHOPDA",0522324510,Computer Engineering,60
05223,"SMT. SHARCHCHANDRIKA SURESH PATIL INSTITUTE OF TECHNOLOGY (ENGINEERING & POLYTECHNIC), CHOPDA",0522329310,Electrical Engineering,60
05223,"SMT. SHARCHCHANDRIKA SURESH PATIL INSTITUTE OF TECHNOLOGY (ENGINEERING & POLYTECHNIC), CHOPDA",0522337210,Electronics and Telecommunication Engg,60
05223,"SMT. SHARCHCHANDRIKA SURESH PATIL INSTITUTE OF TECHNOLOGY (ENGINEERING & POLYTECHNIC), CHOPDA",0522361210,Mechanical Engineering,60
05244,"MET's Institute of Technology Polytechnic, Bhujbal Knowledge City, Adgaon Nashik",0524425710,Computer Science and Design,60
05244,"MET's Institute of Technology Polytechnic, Bhujbal Knowledge City, Adgaon Nashik",0524491610,Automation and Robotics,60
05244,"MET's Institute of Technology Polytechnic, Bhujbal Knowledge City, Adgaon Nashik",0524492210,Civil and Environmental Engineering,60
05249,"Trimurti Shikshan Prasarak Mandal, Trimurti Institute Of Technology, Paladhi Bk, Jalgaon",0524919110,Civil Engineering,54
05249,"Trimurti Shikshan Prasarak Mandal, Trimurti Institute Of Technology, Paladhi Bk, Jalgaon",0524961210,Mechanical Engineering,54
05249,"Trimurti Shikshan Prasarak Mandal, Trimurti Institute Of Technology, Paladhi Bk, Jalgaon",0524924510,Computer Engineering,54
05249,"Trimurti Shikshan Prasarak Mandal, Trimurti Institute Of Technology, Paladhi Bk, Jalgaon",0524929310,Electrical Engineering,54
05263,"Matoshri Education Soceity, Matoshri Institute Of Technology, Dhanore, Nashik",0526324510,Computer Engineering,60
05263,"Matoshri Education Soceity, Matoshri Institute Of Technology, Dhanore, Nashik",0526329310,Electrical Engineering,60
05263,"Matoshri Education Soceity, Matoshri Institute Of Technology, Dhanore, Nashik",0526337210,Electronics and Telecommunication Engg,60
05365,"Vardhaman Education & Welfare Society, Ahinsa Institute of Technology, Post. Dondaicha, Dhule",0536519110,Civil Engineering,60
05365,"Vardhaman Education & Welfare Society, Ahinsa Institute of Technology, Post. Dondaicha, Dhule",0536525110,Computer Technology,60
05365,"Vardhaman Education & Welfare Society, Ahinsa Institute of Technology, Post. Dondaicha, Dhule",0536529310,Electrical Engineering,60
05365,"Vardhaman Education & Welfare Society, Ahinsa Institute of Technology, Post. Dondaicha, Dhule",0536561210,Mechanical Engineering,60
05365,"Vardhaman Education & Welfare Society, Ahinsa Institute of Technology, Post. Dondaicha, Dhule",0536592110,Artificial Intelligence and Machine Learning,60
05370,"Kedareshwar Gramin Vikas Pratishthan, Samajbhushan Eknathrao Dhakane College, of Engineering, Shevgaon",0537019110,Civil Engineering,60
05370,"Kedareshwar Gramin Vikas Pratishthan, Samajbhushan Eknathrao Dhakane College, of Engineering, Shevgaon",0537024510,Computer Engineering,60
05370,"Kedareshwar Gramin Vikas Pratishthan, Samajbhushan Eknathrao Dhakane College, of Engineering, Shevgaon",0537029310,Electrical Engineering,60
05370,"Kedareshwar Gramin Vikas Pratishthan, Samajbhushan Eknathrao Dhakane College, of Engineering, Shevgaon",0537061210,Mechanical Engineering,60
05370,"Kedareshwar Gramin Vikas Pratishthan, Samajbhushan Eknathrao Dhakane College, of Engineering, Shevgaon",0537099510,Artificial Intelligence and Data Science,60
05395,Ashok Institute of Engineering & Technology,0539524510,Computer Engineering,60
05395,Ashok Institute of Engineering & Technology,0539537210,Electronics and Telecommunication Engg,60
05395,Ashok Institute of Engineering & Technology,0539561210,Mechanical Engineering,60
05396,"College of Engineering and Technology ,North Maharashtra Knowledge City, Jalgaon",0539619110,Civil Engineering,30
05396,"College of Engineering and Technology ,North Maharashtra Knowledge City, Jalgaon",0539624510,Computer Engineering,30
05396,"College of Engineering and Technology ,North Maharashtra Knowledge City, Jalgaon",0539629310,Electrical Engineering,30
05396,"College of Engineering and Technology ,North Maharashtra Knowledge City, Jalgaon",0539661210,Mechanical Engineering,30
05414,"Nikam Institute of Technology(Polytechnic),Dhule",0541424510,Computer Engineering,120
05414,"Nikam Institute of Technology(Polytechnic),Dhule",0541426310,Artificial Intelligence (AI) and Data Science,60
05414,"Nikam Institute of Technology(Polytechnic),Dhule",0541429310,Electrical Engineering,60
05414,"Nikam Institute of Technology(Polytechnic),Dhule",0541461210,Mechanical Engineering,60
05433,"R.C. Patel College of Engineering and Polytechnic, Shirpur",0543324510,Computer Engineering,120
05433,"R.C. Patel College of Engineering and Polytechnic, Shirpur",0543324610,Information Technology,60
05433,"R.C. Patel College of Engineering and Polytechnic, Shirpur",0543384410,Electronics and Computer Engineering,60
05433,"R.C. Patel College of Engineering and Polytechnic, Shirpur",0543392110,Artificial Intelligence and Machine Learning,120
05497,"P.G. College of Engineering & Technology, Nandurbar",0549719110,Civil Engineering,60
05497,"P.G. College of Engineering & Technology, Nandurbar",0549724510,Computer Engineering,60
05497,"P.G. College of Engineering & Technology, Nandurbar",0549761210,Mechanical Engineering,60
05497,"P.G. College of Engineering & Technology, Nandurbar",0549791710,Data Science,60
05509,"Shri Swami Samarth Institute of Management and Technology, Malwadi-Bota",0550924510,Computer Engineering,60
05509,"Shri Swami Samarth Institute of Management and Technology, Malwadi-Bota",0550924610,Information Technology,60
05509,"Shri Swami Samarth Institute of Management and Technology, Malwadi-Bota",0550937210,Electronics and Telecommunication Engg,60
05509,"Shri Swami Samarth Institute of Management and Technology, Malwadi-Bota",0550999510,Artificial Intelligence and Data Science,60
05513,"MKD Institute of Technology, Nadurbar",0551319110,Civil Engineering,60
05513,"MKD Institute of Technology, Nadurbar",0551324510,Computer Engineering,60
05513,"MKD Institute of Technology, Nadurbar",0551337210,Electronics and Telecommunication Engg,60
05545,"Shri Vile Parle Kelavani Mandal's College of Engineering, Shirpur",0554524210,Computer Science and Engineering,180
05545,"Shri Vile Parle Kelavani Mandal's College of Engineering, Shirpur",0554524610,Information Technology,120
05545,"Shri Vile Parle Kelavani Mandal's College of Engineering, Shirpur",0554584410,Electronics and Computer Engineering,60
05545,"Shri Vile Parle Kelavani Mandal's College of Engineering, Shirpur",0554591710,Data Science,120
05597,VAMANRAO ITHAPE COLLEGE OF ENGINEERING AND MANAGEMENT,0559724510,Computer Engineering,60
05597,VAMANRAO ITHAPE COLLEGE OF ENGINEERING AND MANAGEMENT,0559724610,Information Technology,60
05597,VAMANRAO ITHAPE COLLEGE OF ENGINEERING AND MANAGEMENT,0559737210,Electronics and Telecommunication Engg,60
05597,VAMANRAO ITHAPE COLLEGE OF ENGINEERING AND MANAGEMENT,0559799710,Artificial Intelligence,60
06036,"Government College of Engineering, Kolhapur",0603624210,Computer Science and Engineering,60
06036,"Government College of Engineering, Kolhapur",0603626310,Artificial Intelligence (AI) and Data Science,60
06036,"Government College of Engineering, Kolhapur",0603629310,Electrical Engineering,60
06036,"Government College of Engineering, Kolhapur",0603637210,Electronics and Telecommunication Engg,60
06036,"Government College of Engineering, Kolhapur",0603661510,Mechanical & Automation Engineering,60
06219,"KSGBS's Bharat- Ratna Indira Gandhi College of Engineering, Kegaon, Solapur",0621919110,Civil Engineering,54
06219,"KSGBS's Bharat- Ratna Indira Gandhi College of Engineering, Kegaon, Solapur",0621924210,Computer Science and Engineering,120
06219,"KSGBS's Bharat- Ratna Indira Gandhi College of Engineering, Kegaon, Solapur",0621929310,Electrical Engineering,30
06219,"KSGBS's Bharat- Ratna Indira Gandhi College of Engineering, Kegaon, Solapur",0621937210,Electronics and Telecommunication Engg,30
06219,"KSGBS's Bharat- Ratna Indira Gandhi College of Engineering, Kegaon, Solapur",0621946110,Bio Medical Engineering,54
06219,"KSGBS's Bharat- Ratna Indira Gandhi College of Engineering, Kegaon, Solapur",0621961210,Mechanical Engineering,54
06270,"Rayat Shikshan Sanstha's Karmaveer Bhaurao Patil College of Engineering, Satara",0627019110,Civil Engineering,60
06270,"Rayat Shikshan Sanstha's Karmaveer Bhaurao Patil College of Engineering, Satara",0627024210,Computer Science and Engineering,180
06270,"Rayat Shikshan Sanstha's Karmaveer Bhaurao Patil College of Engineering, Satara",0627037210,Electronics and Telecommunication Engg,60
06270,"Rayat Shikshan Sanstha's Karmaveer Bhaurao Patil College of Engineering, Satara",0627061210,Mechanical Engineering,60
06270,"Rayat Shikshan Sanstha's Karmaveer Bhaurao Patil College of Engineering, Satara",0627099510,Artificial Intelligence and Data Science,60
06308,"Shanti Education Society, A.G. Patil Institute of Technology, Soregaon, Solapur(North)",0630819110,Civil Engineering,60
06308,"Shanti Education Society, A.G. Patil Institute of Technology, Soregaon, Solapur(North)",0630824510,Computer Engineering,60
06308,"Shanti Education Society, A.G. Patil Institute of Technology, Soregaon, Solapur(North)",0630837210,Electronics and Telecommunication Engg,60
06308,"Shanti Education Society, A.G. Patil Institute of Technology, Soregaon, Solapur(North)",0630861210,Mechanical Engineering,60
06313,"Jaywant College of Engineering & Polytechnic , Kille Macchindragad Tal. Walva District- Sangali",0631319110,Civil Engineering,60
06313,"Jaywant College of Engineering & Polytechnic , Kille Macchindragad Tal. Walva District- Sangali",0631324510,Computer Engineering,60
06313,"Jaywant College of Engineering & Polytechnic , Kille Macchindragad Tal. Walva District- Sangali",0631326310,Artificial Intelligence (AI) and Data Science,60
06313,"Jaywant College of Engineering & Polytechnic , Kille Macchindragad Tal. Walva District- Sangali",0631329310,Electrical Engineering,60
06313,"Jaywant College of Engineering & Polytechnic , Kille Macchindragad Tal. Walva District- Sangali",0631337210,Electronics and Telecommunication Engg,60
06313,"Jaywant College of Engineering & Polytechnic , Kille Macchindragad Tal. Walva District- Sangali",0631361210,Mechanical Engineering,60
06315,Sanjeevan Group of Institutions,0631519110,Civil Engineering,60
06315,Sanjeevan Group of Institutions,0631524210,Computer Science and Engineering,120
06315,Sanjeevan Group of Institutions,0631529310,Electrical Engineering,60
06315,Sanjeevan Group of Institutions,0631561210,Mechanical Engineering,60
06315,Sanjeevan Group of Institutions,0631584410,Electronics and Computer Engineering,30
06315,Sanjeevan Group of Institutions,0631592110,Artificial Intelligence and Machine Learning,30
06321,"Vidya Vikas Pratishthan Institute of Engineering and Technology, Solapur",0632119110,Civil Engineering,30
06321,"Vidya Vikas Pratishthan Institute of Engineering and Technology, Solapur",0632124210,Computer Science and Engineering,120
06321,"Vidya Vikas Pratishthan Institute of Engineering and Technology, Solapur",0632129310,Electrical Engineering,60
06321,"Vidya Vikas Pratishthan Institute of Engineering and Technology, Solapur",0632137210,Electronics and Telecommunication Engg,60
06321,"Vidya Vikas Pratishthan Institute of Engineering and Technology, Solapur",0632161210,Mechanical Engineering,30
06321,"Vidya Vikas Pratishthan Institute of Engineering and Technology, Solapur",0632199510,Artificial Intelligence and Data Science,60
06326,Karmayogi Institute of Technology,0632619110,Civil Engineering,60
06326,Karmayogi Institute of Technology,0632624210,Computer Science and Engineering,60
06326,Karmayogi Institute of Technology,0632637210,Electronics and Telecommunication Engg,60
06326,Karmayogi Institute of Technology,0632661210,Mechanical Engineering,60
06402,"NEW INSTITUTE OF TECHNOLOGY,KOLHAPUR",0640224210,Computer Science and Engineering,60
06402,"NEW INSTITUTE OF TECHNOLOGY,KOLHAPUR",0640225910,"Mechanical and Mechatronics Engineering (Additive
Manufacturing)",60
06402,"NEW INSTITUTE OF TECHNOLOGY,KOLHAPUR",0640257310,"Electrical, Electronics and Power",60
06402,"NEW INSTITUTE OF TECHNOLOGY,KOLHAPUR",0640291110,"Computer Science and Engineering(Artificial
Intelligence and Machine Learning)",60
06444,"Shriram Institute Of Engineering & Technology, (Poly), Paniv",0644419110,Civil Engineering,30
06444,"Shriram Institute Of Engineering & Technology, (Poly), Paniv",0644424510,Computer Engineering,120
06444,"Shriram Institute Of Engineering & Technology, (Poly), Paniv",0644461210,Mechanical Engineering,30
06466,"Shree Santkrupa Shikshan Sanstha, Shree Santkrupa Institute Of Engineering & Technology, Karad",0646619110,Civil Engineering,30
06466,"Shree Santkrupa Shikshan Sanstha, Shree Santkrupa Institute Of Engineering & Technology, Karad",0646624210,Computer Science and Engineering,60
06466,"Shree Santkrupa Shikshan Sanstha, Shree Santkrupa Institute Of Engineering & Technology, Karad",0646629310,Electrical Engineering,60
06466,"Shree Santkrupa Shikshan Sanstha, Shree Santkrupa Institute Of Engineering & Technology, Karad",0646661210,Mechanical Engineering,30
06468,"Swami Vivekananda Shikshan Sanstha, Dr. Bapuji Salunkhe Institute Of Engineering & Technology,Kolhapur",0646824210,Computer Science and Engineering,120
06468,"Swami Vivekananda Shikshan Sanstha, Dr. Bapuji Salunkhe Institute Of Engineering & Technology,Kolhapur",0646829310,Electrical Engineering,60
06468,"Swami Vivekananda Shikshan Sanstha, Dr. Bapuji Salunkhe Institute Of Engineering & Technology,Kolhapur",0646837210,Electronics and Telecommunication Engg,60
06468,"Swami Vivekananda Shikshan Sanstha, Dr. Bapuji Salunkhe Institute Of Engineering & Technology,Kolhapur",0646884410,Electronics and Computer Engineering,60
06468,"Swami Vivekananda Shikshan Sanstha, Dr. Bapuji Salunkhe Institute Of Engineering & Technology,Kolhapur",0646891110,"Computer Science and Engineering(Artificial
Intelligence and Machine Learning)",60
06714,"APPASAHEB ALIAS SA.RE.PATIL INSTITUTE OF TECHNOLOGY, Dattanagar Tal-Shirol, Dist Kolhapur",0671424210,Computer Science and Engineering,60
06714,"APPASAHEB ALIAS SA.RE.PATIL INSTITUTE OF TECHNOLOGY, Dattanagar Tal-Shirol, Dist Kolhapur",0671429310,Electrical Engineering,60
06714,"APPASAHEB ALIAS SA.RE.PATIL INSTITUTE OF TECHNOLOGY, Dattanagar Tal-Shirol, Dist Kolhapur",0671437210,Electronics and Telecommunication Engg,60
06714,"APPASAHEB ALIAS SA.RE.PATIL INSTITUTE OF TECHNOLOGY, Dattanagar Tal-Shirol, Dist Kolhapur",0671461210,Mechanical Engineering,60
06715,Babasaheb Phadtare Engineering & Technology Kalamb-Walchandnagar Tal Indapur Dist Pune,0671524510,Computer Engineering,60
06715,Babasaheb Phadtare Engineering & Technology Kalamb-Walchandnagar Tal Indapur Dist Pune,0671529310,Electrical Engineering,30
06715,Babasaheb Phadtare Engineering & Technology Kalamb-Walchandnagar Tal Indapur Dist Pune,0671561210,Mechanical Engineering,30
06757,"Yashoda Technical Campus, Wadhe, Satara.",0675719110,Civil Engineering,30
06757,"Yashoda Technical Campus, Wadhe, Satara.",0675724210,Computer Science and Engineering,180
06757,"Yashoda Technical Campus, Wadhe, Satara.",0675726010,Computer Science and Engineering (Cyber Security),120
06757,"Yashoda Technical Campus, Wadhe, Satara.",0675726310,Artificial Intelligence (AI) and Data Science,120
06757,"Yashoda Technical Campus, Wadhe, Satara.",0675726610,Robotics and Artificial Intelligence,60
06757,"Yashoda Technical Campus, Wadhe, Satara.",0675729310,Electrical Engineering,30
06757,"Yashoda Technical Campus, Wadhe, Satara.",0675737210,Electronics and Telecommunication Engg,120
06757,"Yashoda Technical Campus, Wadhe, Satara.",0675761210,Mechanical Engineering,30
06757,"Yashoda Technical Campus, Wadhe, Satara.",0675762410,Mechatronics Engineering,30
06762,"Nanasaheb Mahadik College of Engineering,Walwa, Sangli.",0676219110,Civil Engineering,60
06762,"Nanasaheb Mahadik College of Engineering,Walwa, Sangli.",0676224210,Computer Science and Engineering,120
06762,"Nanasaheb Mahadik College of Engineering,Walwa, Sangli.",0676229310,Electrical Engineering,60
06762,"Nanasaheb Mahadik College of Engineering,Walwa, Sangli.",0676237210,Electronics and Telecommunication Engg,60
06762,"Nanasaheb Mahadik College of Engineering,Walwa, Sangli.",0676261210,Mechanical Engineering,90
06766,Phaltan Education Society's College of Engineering Thakurki Tal- Phaltan Dist-Satara,0676619110,Civil Engineering,30
06766,Phaltan Education Society's College of Engineering Thakurki Tal- Phaltan Dist-Satara,0676624510,Computer Engineering,120
06766,Phaltan Education Society's College of Engineering Thakurki Tal- Phaltan Dist-Satara,0676626310,Artificial Intelligence (AI) and Data Science,30
06766,Phaltan Education Society's College of Engineering Thakurki Tal- Phaltan Dist-Satara,0676637210,Electronics and Telecommunication Engg,60
06766,Phaltan Education Society's College of Engineering Thakurki Tal- Phaltan Dist-Satara,0676661210,Mechanical Engineering,60
06781,"Bhagwant Institute of Technology, Barshi",0678119110,Civil Engineering,60
06781,"Bhagwant Institute of Technology, Barshi",0678124210,Computer Science and Engineering,120
06781,"Bhagwant Institute of Technology, Barshi",0678137210,Electronics and Telecommunication Engg,60
06781,"Bhagwant Institute of Technology, Barshi",0678161210,Mechanical Engineering,60
06782,"Sahakar Maharshee Shankarrao Mohite Patil Institute of Technology & Research, Akluj",0678219110,Civil Engineering,60
06782,"Sahakar Maharshee Shankarrao Mohite Patil Institute of Technology & Research, Akluj",0678224210,Computer Science and Engineering,60
06782,"Sahakar Maharshee Shankarrao Mohite Patil Institute of Technology & Research, Akluj",0678229310,Electrical Engineering,60
06782,"Sahakar Maharshee Shankarrao Mohite Patil Institute of Technology & Research, Akluj",0678237210,Electronics and Telecommunication Engg,60
06782,"Sahakar Maharshee Shankarrao Mohite Patil Institute of Technology & Research, Akluj",0678261210,Mechanical Engineering,60
06782,"Sahakar Maharshee Shankarrao Mohite Patil Institute of Technology & Research, Akluj",0678299510,Artificial Intelligence and Data Science,60
06797,"Dnyanshree Institute Engineering and Technology, Satara",0679724210,Computer Science and Engineering,120
06797,"Dnyanshree Institute Engineering and Technology, Satara",0679725910,"Mechanical and Mechatronics Engineering (Additive
Manufacturing)",60
06797,"Dnyanshree Institute Engineering and Technology, Satara",0679737210,Electronics and Telecommunication Engg,60
06797,"Dnyanshree Institute Engineering and Technology, Satara",0679792210,Civil and Environmental Engineering,30
06797,"Dnyanshree Institute Engineering and Technology, Satara",0679792610,Electrical and Computer Engineering,60
06799,"Shivganga Charitable Trust, Sangli Vishveshwarya Technical Campus, Faculty of Diploma Engineering, Patgaon, Miraj",0679924210,Computer Science and Engineering,60
06799,"Shivganga Charitable Trust, Sangli Vishveshwarya Technical Campus, Faculty of Diploma Engineering, Patgaon, Miraj",0679924510,Computer Engineering,60
06799,"Shivganga Charitable Trust, Sangli Vishveshwarya Technical Campus, Faculty of Diploma Engineering, Patgaon, Miraj",0679929310,Electrical Engineering,30
06811,Sanjay Ghodawat Institute,0681119110,Civil Engineering,60
06811,Sanjay Ghodawat Institute,0681124210,Computer Science and Engineering,60
06811,Sanjay Ghodawat Institute,0681129310,Electrical Engineering,60
06811,Sanjay Ghodawat Institute,0681137210,Electronics and Telecommunication Engg,60
06811,Sanjay Ghodawat Institute,0681161210,Mechanical Engineering,60
06938,Shree Siddheshwar Women's College Of Engineering Solapur.,0693824250F,Computer Science and Engineering,120
06938,Shree Siddheshwar Women's College Of Engineering Solapur.,0693829350F,Electrical Engineering,30
06938,Shree Siddheshwar Women's College Of Engineering Solapur.,0693837250F,Electronics and Telecommunication Engg,60
06938,Shree Siddheshwar Women's College Of Engineering Solapur.,0693884450F,Electronics and Computer Engineering,60
06938,Shree Siddheshwar Women's College Of Engineering Solapur.,0693892550F,"Computer Science and Engineering (Artificial
Intelligence and Data Science)",120
16121,"Shri. Anandrao Abitkar College of Engineering, Pal",1612119110,Civil Engineering,60
16121,"Shri. Anandrao Abitkar College of Engineering, Pal",1612124510,Computer Engineering,120
16121,"Shri. Anandrao Abitkar College of Engineering, Pal",1612126310,Artificial Intelligence (AI) and Data Science,60
16121,"Shri. Anandrao Abitkar College of Engineering, Pal",1612129310,Electrical Engineering,60
16121,"Shri. Anandrao Abitkar College of Engineering, Pal",1612161210,Mechanical Engineering,60
16351,"Vidya Niketan Institute of Engineering & Technology, Lakhewadi",1635119110,Civil Engineering,60
16351,"Vidya Niketan Institute of Engineering & Technology, Lakhewadi",1635124210,Computer Science and Engineering,60
16351,"Vidya Niketan Institute of Engineering & Technology, Lakhewadi",1635137210,Electronics and Telecommunication Engg,60
16351,"Vidya Niketan Institute of Engineering & Technology, Lakhewadi",1635192110,Artificial Intelligence and Machine Learning,60
16352,"Yashoda Mahadeo Kakade College of Engineering, Talegaon",1635224210,Computer Science and Engineering,120
16352,"Yashoda Mahadeo Kakade College of Engineering, Talegaon",1635224610,Information Technology,60
16352,"Yashoda Mahadeo Kakade College of Engineering, Talegaon",1635237210,Electronics and Telecommunication Engg,60
16352,"Yashoda Mahadeo Kakade College of Engineering, Talegaon",1635299510,Artificial Intelligence and Data Science,120
16354,DNYANVILAS COLLEGE OF ENGINEERING,1635424510,Computer Engineering,120
16354,DNYANVILAS COLLEGE OF ENGINEERING,1635424610,Information Technology,60
16354,DNYANVILAS COLLEGE OF ENGINEERING,1635437210,Electronics and Telecommunication Engg,60
16354,DNYANVILAS COLLEGE OF ENGINEERING,1635492110,Artificial Intelligence and Machine Learning,60
16357,MES MUKUNDDAS LOHIA COLLEGE OF ENGINEERING,1635724510,Computer Engineering,60
16357,MES MUKUNDDAS LOHIA COLLEGE OF ENGINEERING,1635724610,Information Technology,60
16357,MES MUKUNDDAS LOHIA COLLEGE OF ENGINEERING,1635737210,Electronics and Telecommunication Engg,60
16357,MES MUKUNDDAS LOHIA COLLEGE OF ENGINEERING,1635791110,"Computer Science and Engineering(Artificial
Intelligence and Machine Learning)",60
04004,"Government College of Engineering, Chandrapur",0400419110,Civil Engineering,60
04004,"Government College of Engineering, Chandrapur",0400424210,Computer Science and Engineering,60
04004,"Government College of Engineering, Chandrapur",0400429310,Electrical Engineering,60
04004,"Government College of Engineering, Chandrapur",0400437210,Electronics and Telecommunication Engg,60
04004,"Government College of Engineering, Chandrapur",0400446610,Instrumentation Engineering,30
04004,"Government College of Engineering, Chandrapur",0400461210,Mechanical Engineering,60
05003,"University Institute of Chemical Technology, North Maharashtra University, Jalgaon",0500350310,Food Technology,15
05003,"University Institute of Chemical Technology, North Maharashtra University, Jalgaon",0500350710,Chemical Engineering,60
05003,"University Institute of Chemical Technology, North Maharashtra University, Jalgaon",0500350810,Plastic Technology,15
05003,"University Institute of Chemical Technology, North Maharashtra University, Jalgaon",0500351810,Oil Fats and Waxes Technology,15
05003,"University Institute of Chemical Technology, North Maharashtra University, Jalgaon",0500352310,Paints Technology,15
05104,"Shramsadhana Bombay Trust, College of Engineering & Technology, Jalgaon",0510419110,Civil Engineering,60
05104,"Shramsadhana Bombay Trust, College of Engineering & Technology, Jalgaon",0510424510,Computer Engineering,180
05104,"Shramsadhana Bombay Trust, College of Engineering & Technology, Jalgaon",0510429310,Electrical Engineering,60
05104,"Shramsadhana Bombay Trust, College of Engineering & Technology, Jalgaon",0510437210,Electronics and Telecommunication Engg,60
05104,"Shramsadhana Bombay Trust, College of Engineering & Technology, Jalgaon",0510450710,Chemical Engineering,30
05104,"Shramsadhana Bombay Trust, College of Engineering & Technology, Jalgaon",0510461210,Mechanical Engineering,60
05169,"Nagaon Education Society's Gangamai College of Engineering, Nagaon, Tal Dist Dhule",0516919110,Civil Engineering,60
05169,"Nagaon Education Society's Gangamai College of Engineering, Nagaon, Tal Dist Dhule",0516924510,Computer Engineering,120
05169,"Nagaon Education Society's Gangamai College of Engineering, Nagaon, Tal Dist Dhule",0516929310,Electrical Engineering,60
05169,"Nagaon Education Society's Gangamai College of Engineering, Nagaon, Tal Dist Dhule",0516937210,Electronics and Telecommunication Engg,60
05169,"Nagaon Education Society's Gangamai College of Engineering, Nagaon, Tal Dist Dhule",0516961210,Mechanical Engineering,60
05239,JAMIA INSTITUTE OF TECHNOLOGY,0523919110,Civil Engineering,60
05239,JAMIA INSTITUTE OF TECHNOLOGY,0523929310,Electrical Engineering,30
05239,JAMIA INSTITUTE OF TECHNOLOGY,0523961210,Mechanical Engineering,30
05381,"Shri. Jaykumar Rawal Institute of Technology, Dondaicha.",0538119110,Civil Engineering,60
05381,"Shri. Jaykumar Rawal Institute of Technology, Dondaicha.",0538124210,Computer Science and Engineering,60
05381,"Shri. Jaykumar Rawal Institute of Technology, Dondaicha.",0538129310,Electrical Engineering,60
05381,"Shri. Jaykumar Rawal Institute of Technology, Dondaicha.",0538161210,Mechanical Engineering,60
05381,"Shri. Jaykumar Rawal Institute of Technology, Dondaicha.",0538199510,Artificial Intelligence and Data Science,60
03135,"Manjara Charitable Trust's Rajiv Gandhi Institute of Technology, Mumbai",0313524510,Computer Engineering,120
03135,"Manjara Charitable Trust's Rajiv Gandhi Institute of Technology, Mumbai",0313524610,Information Technology,120
03135,"Manjara Charitable Trust's Rajiv Gandhi Institute of Technology, Mumbai",0313537210,Electronics and Telecommunication Engg,120
03135,"Manjara Charitable Trust's Rajiv Gandhi Institute of Technology, Mumbai",0313561210,Mechanical Engineering,60
03135,"Manjara Charitable Trust's Rajiv Gandhi Institute of Technology, Mumbai",0313599510,Artificial Intelligence and Data Science,60
03143,"Thakur Shyamnarayan Engineering College, Mumbai",0314324510,Computer Engineering,120
03143,"Thakur Shyamnarayan Engineering College, Mumbai",0314324610,Information Technology,60
03143,"Thakur Shyamnarayan Engineering College, Mumbai",0314361210,Mechanical Engineering,60
03143,"Thakur Shyamnarayan Engineering College, Mumbai",0314384410,Electronics and Computer Engineering,60
03143,"Thakur Shyamnarayan Engineering College, Mumbai",0314391110,"Computer Science and Engineering(Artificial
Intelligence and Machine Learning)",120
03146,"Jawahar Education Society's Annasaheb Chudaman Patil College of Engineering,Kharghar, Navi Mumbai",0314600210,Aeronautical Engineering,60
03146,"Jawahar Education Society's Annasaheb Chudaman Patil College of Engineering,Kharghar, Navi Mumbai",0314624510,Computer Engineering,120
03146,"Jawahar Education Society's Annasaheb Chudaman Patil College of Engineering,Kharghar, Navi Mumbai",0314624610,Information Technology,60
03146,"Jawahar Education Society's Annasaheb Chudaman Patil College of Engineering,Kharghar, Navi Mumbai",0314629310,Electrical Engineering,60
03146,"Jawahar Education Society's Annasaheb Chudaman Patil College of Engineering,Kharghar, Navi Mumbai",0314637210,Electronics and Telecommunication Engg,60
03146,"Jawahar Education Society's Annasaheb Chudaman Patil College of Engineering,Kharghar, Navi Mumbai",0314661210,Mechanical Engineering,60
03146,"Jawahar Education Society's Annasaheb Chudaman Patil College of Engineering,Kharghar, Navi Mumbai",0314692010,"Computer Science and Engineering (Internet of
Things and Cyber Security Including Block Chain
Technology)",60
03146,"Jawahar Education Society's Annasaheb Chudaman Patil College of Engineering,Kharghar, Navi Mumbai",0314699510,Artificial Intelligence and Data Science,120
03147,"Saraswati Education Society, Yadavrao Tasgaonkar Institute of Engineering & Technology, Karjat",0314719110,Civil Engineering,30
03147,"Saraswati Education Society, Yadavrao Tasgaonkar Institute of Engineering & Technology, Karjat",0314724510,Computer Engineering,60
03147,"Saraswati Education Society, Yadavrao Tasgaonkar Institute of Engineering & Technology, Karjat",0314724610,Information Technology,60
03147,"Saraswati Education Society, Yadavrao Tasgaonkar Institute of Engineering & Technology, Karjat",0314729310,Electrical Engineering,30
03147,"Saraswati Education Society, Yadavrao Tasgaonkar Institute of Engineering & Technology, Karjat",0314761210,Mechanical Engineering,60
03147,"Saraswati Education Society, Yadavrao Tasgaonkar Institute of Engineering & Technology, Karjat",0314791710,Data Science,30
03147,"Saraswati Education Society, Yadavrao Tasgaonkar Institute of Engineering & Technology, Karjat",0314792110,Artificial Intelligence and Machine Learning,30
03175,"M.G.M.'s College of Engineering and Technology, Kamothe, Navi Mumbai",0317519110,Civil Engineering,60
03175,"M.G.M.'s College of Engineering and Technology, Kamothe, Navi Mumbai",0317524510,Computer Engineering,180
03175,"M.G.M.'s College of Engineering and Technology, Kamothe, Navi Mumbai",0317524610,Information Technology,120
03175,"M.G.M.'s College of Engineering and Technology, Kamothe, Navi Mumbai",0317529310,Electrical Engineering,60
03175,"M.G.M.'s College of Engineering and Technology, Kamothe, Navi Mumbai",0317537210,Electronics and Telecommunication Engg,60
03175,"M.G.M.'s College of Engineering and Technology, Kamothe, Navi Mumbai",0317546110,Bio Medical Engineering,30
03175,"M.G.M.'s College of Engineering and Technology, Kamothe, Navi Mumbai",0317550710,Chemical Engineering,60
03175,"M.G.M.'s College of Engineering and Technology, Kamothe, Navi Mumbai",0317561210,Mechanical Engineering,60
03175,"M.G.M.'s College of Engineering and Technology, Kamothe, Navi Mumbai",0317591110,"Computer Science and Engineering(Artificial
Intelligence and Machine Learning)",60
03175,"M.G.M.'s College of Engineering and Technology, Kamothe, Navi Mumbai",0317591210,Computer Science and Engineering(Data Science),60
03175,"M.G.M.'s College of Engineering and Technology, Kamothe, Navi Mumbai",0317591610,Automation and Robotics,60
03182,"Thadomal Shahani Engineering College, Bandra, Mumbai",0318224510,Computer Engineering,180
03182,"Thadomal Shahani Engineering College, Bandra, Mumbai",0318224610,Information Technology,120
03182,"Thadomal Shahani Engineering College, Bandra, Mumbai",0318237210,Electronics and Telecommunication Engg,60
03182,"Thadomal Shahani Engineering College, Bandra, Mumbai",0318250710,Chemical Engineering,60
03182,"Thadomal Shahani Engineering College, Bandra, Mumbai",0318299510,Artificial Intelligence and Data Science,120
03183,"Anjuman-I-Islam's M.H. Saboo Siddik College of Engineering, Byculla, Mumbai",0318319110,Civil Engineering,60
03183,"Anjuman-I-Islam's M.H. Saboo Siddik College of Engineering, Byculla, Mumbai",0318324510,Computer Engineering,120
03183,"Anjuman-I-Islam's M.H. Saboo Siddik College of Engineering, Byculla, Mumbai",0318324610,Information Technology,60
03183,"Anjuman-I-Islam's M.H. Saboo Siddik College of Engineering, Byculla, Mumbai",0318337210,Electronics and Telecommunication Engg,60
03183,"Anjuman-I-Islam's M.H. Saboo Siddik College of Engineering, Byculla, Mumbai",0318361210,Mechanical Engineering,30
03183,"Anjuman-I-Islam's M.H. Saboo Siddik College of Engineering, Byculla, Mumbai",0318361610,Mechanical Engineering Automobile,30
03183,"Anjuman-I-Islam's M.H. Saboo Siddik College of Engineering, Byculla, Mumbai",0318391110,"Computer Science and Engineering(Artificial
Intelligence and Machine Learning)",120
03183,"Anjuman-I-Islam's M.H. Saboo Siddik College of Engineering, Byculla, Mumbai",0318392010,"Computer Science and Engineering (Internet of
Things and Cyber Security Including Block Chain
Technology)",60
03187,"N.Y.S.S.'s Datta Meghe College of Engineering, Airoli, Navi Mumbai",0318719110,Civil Engineering,120
03187,"N.Y.S.S.'s Datta Meghe College of Engineering, Airoli, Navi Mumbai",0318724510,Computer Engineering,180
03187,"N.Y.S.S.'s Datta Meghe College of Engineering, Airoli, Navi Mumbai",0318724610,Information Technology,180
03187,"N.Y.S.S.'s Datta Meghe College of Engineering, Airoli, Navi Mumbai",0318737210,Electronics and Telecommunication Engg,120
03187,"N.Y.S.S.'s Datta Meghe College of Engineering, Airoli, Navi Mumbai",0318750710,Chemical Engineering,60
03187,"N.Y.S.S.'s Datta Meghe College of Engineering, Airoli, Navi Mumbai",0318761210,Mechanical Engineering,60
03187,"N.Y.S.S.'s Datta Meghe College of Engineering, Airoli, Navi Mumbai",0318791810,Civil and infrastructure Engineering,60
03187,"N.Y.S.S.'s Datta Meghe College of Engineering, Airoli, Navi Mumbai",0318799510,Artificial Intelligence and Data Science,180
03188,"Vasantdada Patil Pratishthan's College Of Engineering and Visual Arts, Sion, Mumbai",0318824510,Computer Engineering,120
03188,"Vasantdada Patil Pratishthan's College Of Engineering and Visual Arts, Sion, Mumbai",0318824610,Information Technology,120
03188,"Vasantdada Patil Pratishthan's College Of Engineering and Visual Arts, Sion, Mumbai",0318862410,Mechatronics Engineering,60
03188,"Vasantdada Patil Pratishthan's College Of Engineering and Visual Arts, Sion, Mumbai",0318890010,Electronics and Computer Science,120
03188,"Vasantdada Patil Pratishthan's College Of Engineering and Visual Arts, Sion, Mumbai",0318891110,"Computer Science and Engineering(Artificial
Intelligence and Machine Learning)",120
03189,"Bharati Vidyapeeth College of Engineering, Navi Mumbai",0318924510,Computer Engineering,120
03189,"Bharati Vidyapeeth College of Engineering, Navi Mumbai",0318924610,Information Technology,60
03189,"Bharati Vidyapeeth College of Engineering, Navi Mumbai",0318937210,Electronics and Telecommunication Engg,120
03189,"Bharati Vidyapeeth College of Engineering, Navi Mumbai",0318946610,Instrumentation Engineering,60
03189,"Bharati Vidyapeeth College of Engineering, Navi Mumbai",0318950710,Chemical Engineering,60
03189,"Bharati Vidyapeeth College of Engineering, Navi Mumbai",0318961210,Mechanical Engineering,120
03190,"Terna Engineering College, Nerul, Navi Mumbai",0319019110,Civil Engineering,60
03190,"Terna Engineering College, Nerul, Navi Mumbai",0319024510,Computer Engineering,180
03190,"Terna Engineering College, Nerul, Navi Mumbai",0319024610,Information Technology,60
03190,"Terna Engineering College, Nerul, Navi Mumbai",0319026310,Artificial Intelligence (AI) and Data Science,60
03190,"Terna Engineering College, Nerul, Navi Mumbai",0319037210,Electronics and Telecommunication Engg,120
03190,"Terna Engineering College, Nerul, Navi Mumbai",0319037610,Electronics Engineering,60
03190,"Terna Engineering College, Nerul, Navi Mumbai",0319061210,Mechanical Engineering,60
03190,"Terna Engineering College, Nerul, Navi Mumbai",0319062410,Mechatronics Engineering,60
03193,"Shivajirao S. Jondhale College of Engineering, Dombivali,Mumbai",0319324510,Computer Engineering,90
03193,"Shivajirao S. Jondhale College of Engineering, Dombivali,Mumbai",0319324610,Information Technology,40
03193,"Shivajirao S. Jondhale College of Engineering, Dombivali,Mumbai",0319337210,Electronics and Telecommunication Engg,60
03193,"Shivajirao S. Jondhale College of Engineering, Dombivali,Mumbai",0319350710,Chemical Engineering,60
03193,"Shivajirao S. Jondhale College of Engineering, Dombivali,Mumbai",0319361210,Mechanical Engineering,60
03193,"Shivajirao S. Jondhale College of Engineering, Dombivali,Mumbai",0319392110,Artificial Intelligence and Machine Learning,30
03194,"Vidyavardhini's College of Engineering and Technology, Vasai",0319419110,Civil Engineering,60
03194,"Vidyavardhini's College of Engineering and Technology, Vasai",0319424510,Computer Engineering,180
03194,"Vidyavardhini's College of Engineering and Technology, Vasai",0319424610,Information Technology,60
03194,"Vidyavardhini's College of Engineering and Technology, Vasai",0319437210,Electronics and Telecommunication Engg,60
03194,"Vidyavardhini's College of Engineering and Technology, Vasai",0319461210,Mechanical Engineering,60
03194,"Vidyavardhini's College of Engineering and Technology, Vasai",0319491210,Computer Science and Engineering(Data Science),180
03194,"Vidyavardhini's College of Engineering and Technology, Vasai",0319499510,Artificial Intelligence and Data Science,120
03198,"Konkan Gyanpeeth College of Engineering, Karjat",0319824210,Computer Science and Engineering,60
03198,"Konkan Gyanpeeth College of Engineering, Karjat",0319824510,Computer Engineering,60
03198,"Konkan Gyanpeeth College of Engineering, Karjat",0319824610,Information Technology,60
03198,"Konkan Gyanpeeth College of Engineering, Karjat",0319861210,Mechanical Engineering,60
03198,"Konkan Gyanpeeth College of Engineering, Karjat",0319899510,Artificial Intelligence and Data Science,60
03200,"Hope Foundation and research center's Finolex Academy of Management and Technology, Ratnagiri",0320024610,Information Technology,60
03200,"Hope Foundation and research center's Finolex Academy of Management and Technology, Ratnagiri",0320029310,Electrical Engineering,60
03200,"Hope Foundation and research center's Finolex Academy of Management and Technology, Ratnagiri",0320037210,Electronics and Telecommunication Engg,60
03200,"Hope Foundation and research center's Finolex Academy of Management and Technology, Ratnagiri",0320050710,Chemical Engineering,30
03200,"Hope Foundation and research center's Finolex Academy of Management and Technology, Ratnagiri",0320061210,Mechanical Engineering,90
03200,"Hope Foundation and research center's Finolex Academy of Management and Technology, Ratnagiri",0320091010,Computer Science and Engineering(Cyber Security),60
03200,"Hope Foundation and research center's Finolex Academy of Management and Technology, Ratnagiri",0320091110,"Computer Science and Engineering(Artificial
Intelligence and Machine Learning)",60
03201,"Rizvi Education Society's Rizvi College of Engineering, Bandra,Mumbai",0320119110,Civil Engineering,60
03201,"Rizvi Education Society's Rizvi College of Engineering, Bandra,Mumbai",0320124510,Computer Engineering,120
03201,"Rizvi Education Society's Rizvi College of Engineering, Bandra,Mumbai",0320161210,Mechanical Engineering,60
03201,"Rizvi Education Society's Rizvi College of Engineering, Bandra,Mumbai",0320190010,Electronics and Computer Science,60
03201,"Rizvi Education Society's Rizvi College of Engineering, Bandra,Mumbai",0320199510,Artificial Intelligence and Data Science,60
03202,Rajendra Mane College of Engineering & Technology Ambav Deorukh,0320224510,Computer Engineering,60
03202,Rajendra Mane College of Engineering & Technology Ambav Deorukh,0320260210,Automobile Engineering,30
03202,Rajendra Mane College of Engineering & Technology Ambav Deorukh,0320261210,Mechanical Engineering,60
03202,Rajendra Mane College of Engineering & Technology Ambav Deorukh,0320290010,Electronics and Computer Science,30
03203,"Atharva College of Engineering,Malad(West),Mumbai",0320324510,Computer Engineering,120
03203,"Atharva College of Engineering,Malad(West),Mumbai",0320324610,Information Technology,120
03203,"Atharva College of Engineering,Malad(West),Mumbai",0320329310,Electrical Engineering,60
03203,"Atharva College of Engineering,Malad(West),Mumbai",0320337210,Electronics and Telecommunication Engg,120
03203,"Atharva College of Engineering,Malad(West),Mumbai",0320390010,Electronics and Computer Science,60
03206,"S.S.P.M.'s College of Engineering, Kankavli",0320624510,Computer Engineering,60
03206,"S.S.P.M.'s College of Engineering, Kankavli",0320629310,Electrical Engineering,60
03206,"S.S.P.M.'s College of Engineering, Kankavli",0320656610,Computer Science,30
03206,"S.S.P.M.'s College of Engineering, Kankavli",0320661210,Mechanical Engineering,60
03206,"S.S.P.M.'s College of Engineering, Kankavli",0320690010,Electronics and Computer Science,60
03206,"S.S.P.M.'s College of Engineering, Kankavli",0320691110,"Computer Science and Engineering(Artificial
Intelligence and Machine Learning)",90
03210,"Excelsior Education Society's K.C. College of Engineering and Management Studies and Research, Kopri, Thane (E)",0321024510,Computer Engineering,180
03210,"Excelsior Education Society's K.C. College of Engineering and Management Studies and Research, Kopri, Thane (E)",0321024610,Information Technology,180
03210,"Excelsior Education Society's K.C. College of Engineering and Management Studies and Research, Kopri, Thane (E)",0321037210,Electronics and Telecommunication Engg,60
03212,"Watumull Institute of Engineering & Technology, Ulhasnagar",0321219110,Civil Engineering,30
03212,"Watumull Institute of Engineering & Technology, Ulhasnagar",0321224510,Computer Engineering,180
03216,"Gharda Foundation's Gharda Institute of Technology,Khed, Ratnagiri",0321619110,Civil Engineering,60
03216,"Gharda Foundation's Gharda Institute of Technology,Khed, Ratnagiri",0321624510,Computer Engineering,60
03216,"Gharda Foundation's Gharda Institute of Technology,Khed, Ratnagiri",0321637210,Electronics and Telecommunication Engg,60
03216,"Gharda Foundation's Gharda Institute of Technology,Khed, Ratnagiri",0321650710,Chemical Engineering,60
03216,"Gharda Foundation's Gharda Institute of Technology,Khed, Ratnagiri",0321661210,Mechanical Engineering,30
03216,"Gharda Foundation's Gharda Institute of Technology,Khed, Ratnagiri",0321691110,"Computer Science and Engineering(Artificial
Intelligence and Machine Learning)",60
03217,"Vighnaharata Trust's Shivajirao S. Jondhale College of Engineering & Technology, Shahapur, Asangaon, Dist Thane",0321719110,Civil Engineering,60
03217,"Vighnaharata Trust's Shivajirao S. Jondhale College of Engineering & Technology, Shahapur, Asangaon, Dist Thane",0321724510,Computer Engineering,60
03217,"Vighnaharata Trust's Shivajirao S. Jondhale College of Engineering & Technology, Shahapur, Asangaon, Dist Thane",0321737210,Electronics and Telecommunication Engg,60
03217,"Vighnaharata Trust's Shivajirao S. Jondhale College of Engineering & Technology, Shahapur, Asangaon, Dist Thane",0321761210,Mechanical Engineering,60
03217,"Vighnaharata Trust's Shivajirao S. Jondhale College of Engineering & Technology, Shahapur, Asangaon, Dist Thane",0321791610,Automation and Robotics,60
03219,"Koti Vidya Charitable Trust's Smt. Alamuri Ratnamala Institute of Engineering and Technology, Sapgaon, Tal. Shahapur",0321919110,Civil Engineering,30
03219,"Koti Vidya Charitable Trust's Smt. Alamuri Ratnamala Institute of Engineering and Technology, Sapgaon, Tal. Shahapur",0321924510,Computer Engineering,120
03219,"Koti Vidya Charitable Trust's Smt. Alamuri Ratnamala Institute of Engineering and Technology, Sapgaon, Tal. Shahapur",0321924610,Information Technology,60
03219,"Koti Vidya Charitable Trust's Smt. Alamuri Ratnamala Institute of Engineering and Technology, Sapgaon, Tal. Shahapur",0321929310,Electrical Engineering,60
03219,"Koti Vidya Charitable Trust's Smt. Alamuri Ratnamala Institute of Engineering and Technology, Sapgaon, Tal. Shahapur",0321937210,Electronics and Telecommunication Engg,30
03219,"Koti Vidya Charitable Trust's Smt. Alamuri Ratnamala Institute of Engineering and Technology, Sapgaon, Tal. Shahapur",0321961210,Mechanical Engineering,30
03219,"Koti Vidya Charitable Trust's Smt. Alamuri Ratnamala Institute of Engineering and Technology, Sapgaon, Tal. Shahapur",0321991110,"Computer Science and Engineering(Artificial
Intelligence and Machine Learning)",90
03220,Yadavrao Tasgaonkar College of Engineering & Management,0322019110,Civil Engineering,60
03220,Yadavrao Tasgaonkar College of Engineering & Management,0322024510,Computer Engineering,42
03220,Yadavrao Tasgaonkar College of Engineering & Management,0322024610,Information Technology,42
03220,Yadavrao Tasgaonkar College of Engineering & Management,0322025210,Cyber Security,30
03220,Yadavrao Tasgaonkar College of Engineering & Management,0322037210,Electronics and Telecommunication Engg,30
03220,Yadavrao Tasgaonkar College of Engineering & Management,0322061210,Mechanical Engineering,60
03220,Yadavrao Tasgaonkar College of Engineering & Management,0322092110,Artificial Intelligence and Machine Learning,30
03221,"Vishnu Waman Thakur Charitable Trust's VIVA Institute of Technology, Virar",0322119110,Civil Engineering,60
03221,"Vishnu Waman Thakur Charitable Trust's VIVA Institute of Technology, Virar",0322124510,Computer Engineering,60
03221,"Vishnu Waman Thakur Charitable Trust's VIVA Institute of Technology, Virar",0322137210,Electronics and Telecommunication Engg,60
03221,"Vishnu Waman Thakur Charitable Trust's VIVA Institute of Technology, Virar",0322161210,Mechanical Engineering,60
03221,"Vishnu Waman Thakur Charitable Trust's VIVA Institute of Technology, Virar",0322191110,"Computer Science and Engineering(Artificial
Intelligence and Machine Learning)",120
03221,"Vishnu Waman Thakur Charitable Trust's VIVA Institute of Technology, Virar",0322192610,Electrical and Computer Engineering,60
03222,"Haji Jamaluddin Thim Trust's Theem College of Engineering, At. Villege Betegaon, Boisar",0322219110,Civil Engineering,30
03222,"Haji Jamaluddin Thim Trust's Theem College of Engineering, At. Villege Betegaon, Boisar",0322224510,Computer Engineering,60
03222,"Haji Jamaluddin Thim Trust's Theem College of Engineering, At. Villege Betegaon, Boisar",0322224610,Information Technology,60
03222,"Haji Jamaluddin Thim Trust's Theem College of Engineering, At. Villege Betegaon, Boisar",0322229310,Electrical Engineering,30
03222,"Haji Jamaluddin Thim Trust's Theem College of Engineering, At. Villege Betegaon, Boisar",0322260210,Automobile Engineering,30
03222,"Haji Jamaluddin Thim Trust's Theem College of Engineering, At. Villege Betegaon, Boisar",0322261210,Mechanical Engineering,30
03222,"Haji Jamaluddin Thim Trust's Theem College of Engineering, At. Villege Betegaon, Boisar",0322291110,"Computer Science and Engineering(Artificial
Intelligence and Machine Learning)",120
03224,"Leela Education Society, G.V. Acharya Institute of Engineering and Technology, Shelu, Karjat",0322419110,Civil Engineering,30
03224,"Leela Education Society, G.V. Acharya Institute of Engineering and Technology, Shelu, Karjat",0322424510,Computer Engineering,60
03224,"Leela Education Society, G.V. Acharya Institute of Engineering and Technology, Shelu, Karjat",0322456810,Computer Science and Information Technology,30
03224,"Leela Education Society, G.V. Acharya Institute of Engineering and Technology, Shelu, Karjat",0322461210,Mechanical Engineering,30
03224,"Leela Education Society, G.V. Acharya Institute of Engineering and Technology, Shelu, Karjat",0322491110,"Computer Science and Engineering(Artificial
Intelligence and Machine Learning)",60
03224,"Leela Education Society, G.V. Acharya Institute of Engineering and Technology, Shelu, Karjat",0322492010,"Computer Science and Engineering (Internet of
Things and Cyber Security Including Block Chain
Technology)",60
03257,"Vidya Prasarak Mandal's College of Engineering, Thane",0325724510,Computer Engineering,60
03257,"Vidya Prasarak Mandal's College of Engineering, Thane",0325724610,Information Technology,60
03257,"Vidya Prasarak Mandal's College of Engineering, Thane",0325729310,Electrical Engineering,60
03257,"Vidya Prasarak Mandal's College of Engineering, Thane",0325737210,Electronics and Telecommunication Engg,60
03257,"Vidya Prasarak Mandal's College of Engineering, Thane",0325791610,Automation and Robotics,60
03277,Pravin Rohidas Patil College of Engineering & Technology,0327724510,Computer Engineering,120
03277,Pravin Rohidas Patil College of Engineering & Technology,0327724610,Information Technology,60
03277,Pravin Rohidas Patil College of Engineering & Technology,0327735610,Electrical Engg[Electronics and Power],60
03277,Pravin Rohidas Patil College of Engineering & Technology,0327761510,Mechanical & Automation Engineering,30
03277,Pravin Rohidas Patil College of Engineering & Technology,0327793410,Civil Engineering and Planning,30
03277,Pravin Rohidas Patil College of Engineering & Technology,0327793510,Electronics and Biomedical Engineering,60
03351,"Bharat College of Engineering, Kanhor, Badlapur(W)",0335119110,Civil Engineering,60
03351,"Bharat College of Engineering, Kanhor, Badlapur(W)",0335124510,Computer Engineering,60
03351,"Bharat College of Engineering, Kanhor, Badlapur(W)",0335156810,Computer Science and Information Technology,60
03351,"Bharat College of Engineering, Kanhor, Badlapur(W)",0335161210,Mechanical Engineering,60
03351,"Bharat College of Engineering, Kanhor, Badlapur(W)",0335191110,"Computer Science and Engineering(Artificial
Intelligence and Machine Learning)",60
03351,"Bharat College of Engineering, Kanhor, Badlapur(W)",0335191210,Computer Science and Engineering(Data Science),60
03353,"Dilkap Research Institute Of Engineering and Management Studies, At.Mamdapur, Post- Neral, Tal- Karjat, Mumbai",0335319110,Civil Engineering,60
03353,"Dilkap Research Institute Of Engineering and Management Studies, At.Mamdapur, Post- Neral, Tal- Karjat, Mumbai",0335324510,Computer Engineering,120
03353,"Dilkap Research Institute Of Engineering and Management Studies, At.Mamdapur, Post- Neral, Tal- Karjat, Mumbai",0335324610,Information Technology,30
03353,"Dilkap Research Institute Of Engineering and Management Studies, At.Mamdapur, Post- Neral, Tal- Karjat, Mumbai",0335329310,Electrical Engineering,60
03353,"Dilkap Research Institute Of Engineering and Management Studies, At.Mamdapur, Post- Neral, Tal- Karjat, Mumbai",0335361210,Mechanical Engineering,30
03353,"Dilkap Research Institute Of Engineering and Management Studies, At.Mamdapur, Post- Neral, Tal- Karjat, Mumbai",0335392010,"Computer Science and Engineering (Internet of
Things and Cyber Security Including Block Chain
Technology)",30
03353,"Dilkap Research Institute Of Engineering and Management Studies, At.Mamdapur, Post- Neral, Tal- Karjat, Mumbai",0335392110,Artificial Intelligence and Machine Learning,60
03436,"B.R. Harne College of Engineering & Technology, Karav, Tal-Ambernath.",0343619110,Civil Engineering,30
03436,"B.R. Harne College of Engineering & Technology, Karav, Tal-Ambernath.",0343624510,Computer Engineering,90
03436,"B.R. Harne College of Engineering & Technology, Karav, Tal-Ambernath.",0343624610,Information Technology,60
03436,"B.R. Harne College of Engineering & Technology, Karav, Tal-Ambernath.",0343629310,Electrical Engineering,30
03436,"B.R. Harne College of Engineering & Technology, Karav, Tal-Ambernath.",0343661210,Mechanical Engineering,30
03436,"B.R. Harne College of Engineering & Technology, Karav, Tal-Ambernath.",0343690010,Electronics and Computer Science,30
03436,"B.R. Harne College of Engineering & Technology, Karav, Tal-Ambernath.",0343691110,"Computer Science and Engineering(Artificial
Intelligence and Machine Learning)",60
03440,"Metropolitan Institute of Technology & Management, Sukhalwad, Sindhudurg.",0344019110,Civil Engineering,90
03440,"Metropolitan Institute of Technology & Management, Sukhalwad, Sindhudurg.",0344024510,Computer Engineering,45
03440,"Metropolitan Institute of Technology & Management, Sukhalwad, Sindhudurg.",0344037210,Electronics and Telecommunication Engg,45
03440,"Metropolitan Institute of Technology & Management, Sukhalwad, Sindhudurg.",0344061210,Mechanical Engineering,90
03445,"Vishwatmak Jangli Maharaj Ashram Trust (Kokamthan), Atma Malik Institute Of Technology & Research",0344519110,Civil Engineering,30
03445,"Vishwatmak Jangli Maharaj Ashram Trust (Kokamthan), Atma Malik Institute Of Technology & Research",0344524510,Computer Engineering,60
03445,"Vishwatmak Jangli Maharaj Ashram Trust (Kokamthan), Atma Malik Institute Of Technology & Research",0344537210,Electronics and Telecommunication Engg,30
03445,"Vishwatmak Jangli Maharaj Ashram Trust (Kokamthan), Atma Malik Institute Of Technology & Research",0344561210,Mechanical Engineering,30
03445,"Vishwatmak Jangli Maharaj Ashram Trust (Kokamthan), Atma Malik Institute Of Technology & Research",0344592010,"Computer Science and Engineering (Internet of
Things and Cyber Security Including Block Chain
Technology)",30
03445,"Vishwatmak Jangli Maharaj Ashram Trust (Kokamthan), Atma Malik Institute Of Technology & Research",0344592110,Artificial Intelligence and Machine Learning,30
03447,"G.M.Vedak Institute of Technology, Tala, Raigad.",0344719110,Civil Engineering,30
03447,"G.M.Vedak Institute of Technology, Tala, Raigad.",0344724510,Computer Engineering,60
03447,"G.M.Vedak Institute of Technology, Tala, Raigad.",0344761210,Mechanical Engineering,30
03462,"VPM's Maharshi Parshuram College of Engineering, Velneshwar, Ratnagiri.",0346219110,Civil Engineering,30
03462,"VPM's Maharshi Parshuram College of Engineering, Velneshwar, Ratnagiri.",0346224510,Computer Engineering,30
03462,"VPM's Maharshi Parshuram College of Engineering, Velneshwar, Ratnagiri.",0346229310,Electrical Engineering,30
03462,"VPM's Maharshi Parshuram College of Engineering, Velneshwar, Ratnagiri.",0346246610,Instrumentation Engineering,30
03462,"VPM's Maharshi Parshuram College of Engineering, Velneshwar, Ratnagiri.",0346261210,Mechanical Engineering,30
03462,"VPM's Maharshi Parshuram College of Engineering, Velneshwar, Ratnagiri.",0346284410,Electronics and Computer Engineering,30
03465,"Ideal Institute of Technology, Wada, Dist.Thane",0346519110,Civil Engineering,30
03465,"Ideal Institute of Technology, Wada, Dist.Thane",0346524210,Computer Science and Engineering,60
03465,"Ideal Institute of Technology, Wada, Dist.Thane",0346561210,Mechanical Engineering,30
03465,"Ideal Institute of Technology, Wada, Dist.Thane",0346592110,Artificial Intelligence and Machine Learning,120
03465,"Ideal Institute of Technology, Wada, Dist.Thane",0346599510,Artificial Intelligence and Data Science,60
03467,"Vishwaniketan's Institute of Management Entrepreneurship and Engineering Technology(i MEET), Khalapur Dist Raigad",0346719110,Civil Engineering,60
03467,"Vishwaniketan's Institute of Management Entrepreneurship and Engineering Technology(i MEET), Khalapur Dist Raigad",0346724510,Computer Engineering,60
03467,"Vishwaniketan's Institute of Management Entrepreneurship and Engineering Technology(i MEET), Khalapur Dist Raigad",0346729310,Electrical Engineering,60
03467,"Vishwaniketan's Institute of Management Entrepreneurship and Engineering Technology(i MEET), Khalapur Dist Raigad",0346737210,Electronics and Telecommunication Engg,60
03467,"Vishwaniketan's Institute of Management Entrepreneurship and Engineering Technology(i MEET), Khalapur Dist Raigad",0346761210,Mechanical Engineering,60
03467,"Vishwaniketan's Institute of Management Entrepreneurship and Engineering Technology(i MEET), Khalapur Dist Raigad",0346791110,"Computer Science and Engineering(Artificial
Intelligence and Machine Learning)",120
03470,YASHWANTRAO BHONSALE INSTITUTE OF TECHNOLOGY,0347024210,Computer Science and Engineering,60
03470,YASHWANTRAO BHONSALE INSTITUTE OF TECHNOLOGY,0347024510,Computer Engineering,120
03470,YASHWANTRAO BHONSALE INSTITUTE OF TECHNOLOGY,0347029310,Electrical Engineering,60
03470,YASHWANTRAO BHONSALE INSTITUTE OF TECHNOLOGY,0347061210,Mechanical Engineering,60
03471,"New Horizon Institute of Technology & Management, Thane",0347119110,Civil Engineering,60
03471,"New Horizon Institute of Technology & Management, Thane",0347124510,Computer Engineering,180
03471,"New Horizon Institute of Technology & Management, Thane",0347124610,Information Technology,60
03471,"New Horizon Institute of Technology & Management, Thane",0347125710,Computer Science and Design,60
03471,"New Horizon Institute of Technology & Management, Thane",0347161210,Mechanical Engineering,30
03471,"New Horizon Institute of Technology & Management, Thane",0347162410,Mechatronics Engineering,30
03471,"New Horizon Institute of Technology & Management, Thane",0347199510,Artificial Intelligence and Data Science,120
03475,"A. P. Shah Institute of Technology, Thane",0347519110,Civil Engineering,30
03475,"A. P. Shah Institute of Technology, Thane",0347524510,Computer Engineering,180
03475,"A. P. Shah Institute of Technology, Thane",0347524610,Information Technology,180
03475,"A. P. Shah Institute of Technology, Thane",0347561210,Mechanical Engineering,30
03475,"A. P. Shah Institute of Technology, Thane",0347591110,"Computer Science and Engineering(Artificial
Intelligence and Machine Learning)",180
03475,"A. P. Shah Institute of Technology, Thane",0347591210,Computer Science and Engineering(Data Science),120
03477,"Chhartrapati Shivaji Maharaj Institute of Technology, Shedung, Panvel",0347719110,Civil Engineering,60
03477,"Chhartrapati Shivaji Maharaj Institute of Technology, Shedung, Panvel",0347724510,Computer Engineering,60
03477,"Chhartrapati Shivaji Maharaj Institute of Technology, Shedung, Panvel",0347761210,Mechanical Engineering,60
03477,"Chhartrapati Shivaji Maharaj Institute of Technology, Shedung, Panvel",0347792110,Artificial Intelligence and Machine Learning,120
03503,"Indala College Of Engineering, Bapsai Tal.Kalyan",0350319110,Civil Engineering,60
03503,"Indala College Of Engineering, Bapsai Tal.Kalyan",0350324510,Computer Engineering,60
03503,"Indala College Of Engineering, Bapsai Tal.Kalyan",0350324610,Information Technology,60
03503,"Indala College Of Engineering, Bapsai Tal.Kalyan",0350326310,Artificial Intelligence (AI) and Data Science,60
03503,"Indala College Of Engineering, Bapsai Tal.Kalyan",0350329310,Electrical Engineering,60
03503,"Indala College Of Engineering, Bapsai Tal.Kalyan",0350361210,Mechanical Engineering,60
03546,Devi Mahalaxmi College of Engineering and Technology,0354619110,Civil Engineering,60
03546,Devi Mahalaxmi College of Engineering and Technology,0354624510,Computer Engineering,60
03546,Devi Mahalaxmi College of Engineering and Technology,0354629310,Electrical Engineering,60
03546,Devi Mahalaxmi College of Engineering and Technology,0354661210,Mechanical Engineering,60
03546,Devi Mahalaxmi College of Engineering and Technology,0354691110,"Computer Science and Engineering(Artificial
Intelligence and Machine Learning)",60
03724,Thakur Shree DPS College of Engineering & Management,0372424510,Computer Engineering,120
03724,Thakur Shree DPS College of Engineering & Management,0372424610,Information Technology,120
03724,Thakur Shree DPS College of Engineering & Management,0372490010,Electronics and Computer Science,60
03724,Thakur Shree DPS College of Engineering & Management,0372499510,Artificial Intelligence and Data Science,60
03725,"MAEER's Maharashtra Institute of Technology, Thane",0372524210,Computer Science and Engineering,60
03725,"MAEER's Maharashtra Institute of Technology, Thane",0372524610,Information Technology,60
03725,"MAEER's Maharashtra Institute of Technology, Thane",0372537610,Electronics Engineering,60
03725,"MAEER's Maharashtra Institute of Technology, Thane",0372591110,"Computer Science and Engineering(Artificial
Intelligence and Machine Learning)",60
06293,"Kai Amdar Bramhadevdada Mane Shikshan & Samajik Prathistan's Bramhadevdada Mane Institute of Technology, Solapur",0629324210,Computer Science and Engineering,120
06293,"Kai Amdar Bramhadevdada Mane Shikshan & Samajik Prathistan's Bramhadevdada Mane Institute of Technology, Solapur",0629329310,Electrical Engineering,60
06293,"Kai Amdar Bramhadevdada Mane Shikshan & Samajik Prathistan's Bramhadevdada Mane Institute of Technology, Solapur",0629337210,Electronics and Telecommunication Engg,90
06293,"Kai Amdar Bramhadevdada Mane Shikshan & Samajik Prathistan's Bramhadevdada Mane Institute of Technology, Solapur",0629361210,Mechanical Engineering,30
06293,"Kai Amdar Bramhadevdada Mane Shikshan & Samajik Prathistan's Bramhadevdada Mane Institute of Technology, Solapur",0629399510,Artificial Intelligence and Data Science,60
06467,"Swami Vivekanand Institute Of Technology, Solapur",0646724210,Computer Science and Engineering,120
06467,"Swami Vivekanand Institute Of Technology, Solapur",0646724610,Information Technology,60
06467,"Swami Vivekanand Institute Of Technology, Solapur",0646729310,Electrical Engineering,60
06467,"Swami Vivekanand Institute Of Technology, Solapur",0646737210,Electronics and Telecommunication Engg,60
06640,"N. B. Navale Sinhgad College of Engineering, Kegaon, solapur",0664019110,Civil Engineering,60
06640,"N. B. Navale Sinhgad College of Engineering, Kegaon, solapur",0664024210,Computer Science and Engineering,60
06640,"N. B. Navale Sinhgad College of Engineering, Kegaon, solapur",0664029310,Electrical Engineering,60
06640,"N. B. Navale Sinhgad College of Engineering, Kegaon, solapur",0664037210,Electronics and Telecommunication Engg,60
06640,"N. B. Navale Sinhgad College of Engineering, Kegaon, solapur",0664061210,Mechanical Engineering,120
06643,"S K N Sinhgad College of Engineering, Korti Tal. Pandharpur Dist Solapur",0664319110,Civil Engineering,60
06643,"S K N Sinhgad College of Engineering, Korti Tal. Pandharpur Dist Solapur",0664324210,Computer Science and Engineering,120
06643,"S K N Sinhgad College of Engineering, Korti Tal. Pandharpur Dist Solapur",0664326310,Artificial Intelligence (AI) and Data Science,60
06643,"S K N Sinhgad College of Engineering, Korti Tal. Pandharpur Dist Solapur",0664329310,Electrical Engineering,60
06643,"S K N Sinhgad College of Engineering, Korti Tal. Pandharpur Dist Solapur",0664337210,Electronics and Telecommunication Engg,60
06643,"S K N Sinhgad College of Engineering, Korti Tal. Pandharpur Dist Solapur",0664361210,Mechanical Engineering,120
06901,"MAEER's MIT College of Railway Engineering and Research, Jamgaon, Barshi",0690119110,Civil Engineering,60
06901,"MAEER's MIT College of Railway Engineering and Research, Jamgaon, Barshi",0690124210,Computer Science and Engineering,90
06901,"MAEER's MIT College of Railway Engineering and Research, Jamgaon, Barshi",0690137210,Electronics and Telecommunication Engg,60
06901,"MAEER's MIT College of Railway Engineering and Research, Jamgaon, Barshi",0690158510,MECHANICAL AND RAIL ENGINEERING,60
06901,"MAEER's MIT College of Railway Engineering and Research, Jamgaon, Barshi",0690184410,Electronics and Computer Engineering,60
04025,"Government College of Engineering, Nagpur",0402519110,Civil Engineering,60
04025,"Government College of Engineering, Nagpur",0402524210,Computer Science and Engineering,60
04025,"Government College of Engineering, Nagpur",0402529310,Electrical Engineering,60
04025,"Government College of Engineering, Nagpur",0402537210,Electronics and Telecommunication Engg,60
04025,"Government College of Engineering, Nagpur",0402561210,Mechanical Engineering,60
04118,"Bapurao Deshmukh College of Engineering, Sevagram",0411819110,Civil Engineering,54
04118,"Bapurao Deshmukh College of Engineering, Sevagram",0411824510,Computer Engineering,108
04118,"Bapurao Deshmukh College of Engineering, Sevagram",0411829310,Electrical Engineering,54
04118,"Bapurao Deshmukh College of Engineering, Sevagram",0411837210,Electronics and Telecommunication Engg,27
04118,"Bapurao Deshmukh College of Engineering, Sevagram",0411861210,Mechanical Engineering,30
04133,"Sanmarg Shikshan Sanstha's Smt. Radhikatai Pandav College of Engineering, Nagpur",0413319110,Civil Engineering,60
04133,"Sanmarg Shikshan Sanstha's Smt. Radhikatai Pandav College of Engineering, Nagpur",0413324210,Computer Science and Engineering,60
04133,"Sanmarg Shikshan Sanstha's Smt. Radhikatai Pandav College of Engineering, Nagpur",0413324510,Computer Engineering,60
04133,"Sanmarg Shikshan Sanstha's Smt. Radhikatai Pandav College of Engineering, Nagpur",0413329310,Electrical Engineering,60
04133,"Sanmarg Shikshan Sanstha's Smt. Radhikatai Pandav College of Engineering, Nagpur",0413337210,Electronics and Telecommunication Engg,60
04133,"Sanmarg Shikshan Sanstha's Smt. Radhikatai Pandav College of Engineering, Nagpur",0413361210,Mechanical Engineering,60
04134,"Guru Nanak Institute of Engineering & Technology,Kalmeshwar, Nagpur",0413424210,Computer Science and Engineering,60
04134,"Guru Nanak Institute of Engineering & Technology,Kalmeshwar, Nagpur",0413424610,Information Technology,60
04134,"Guru Nanak Institute of Engineering & Technology,Kalmeshwar, Nagpur",0413429310,Electrical Engineering,60
04134,"Guru Nanak Institute of Engineering & Technology,Kalmeshwar, Nagpur",0413437210,Electronics and Telecommunication Engg,60
04134,"Guru Nanak Institute of Engineering & Technology,Kalmeshwar, Nagpur",0413491210,Computer Science and Engineering(Data Science),60
04134,"Guru Nanak Institute of Engineering & Technology,Kalmeshwar, Nagpur",0413499710,Artificial Intelligence,60
04143,"Sanmarg Shikshan Sanstha, Mandukarrao Pandav College of Engineering, Bhandara",0414319110,Civil Engineering,54
04143,"Sanmarg Shikshan Sanstha, Mandukarrao Pandav College of Engineering, Bhandara",0414324210,Computer Science and Engineering,30
04143,"Sanmarg Shikshan Sanstha, Mandukarrao Pandav College of Engineering, Bhandara",0414324510,Computer Engineering,54
04143,"Sanmarg Shikshan Sanstha, Mandukarrao Pandav College of Engineering, Bhandara",0414329310,Electrical Engineering,54
04143,"Sanmarg Shikshan Sanstha, Mandukarrao Pandav College of Engineering, Bhandara",0414337210,Electronics and Telecommunication Engg,54
04143,"Sanmarg Shikshan Sanstha, Mandukarrao Pandav College of Engineering, Bhandara",0414361210,Mechanical Engineering,54
04143,"Sanmarg Shikshan Sanstha, Mandukarrao Pandav College of Engineering, Bhandara",0414399510,Artificial Intelligence and Data Science,60
04144,"Shri. Sai Shikshan Sanstha, Nagpur Institute of Technology, Nagpur",0414419110,Civil Engineering,60
04144,"Shri. Sai Shikshan Sanstha, Nagpur Institute of Technology, Nagpur",0414424210,Computer Science and Engineering,120
04144,"Shri. Sai Shikshan Sanstha, Nagpur Institute of Technology, Nagpur",0414424610,Information Technology,60
04144,"Shri. Sai Shikshan Sanstha, Nagpur Institute of Technology, Nagpur",0414429310,Electrical Engineering,60
04144,"Shri. Sai Shikshan Sanstha, Nagpur Institute of Technology, Nagpur",0414461210,Mechanical Engineering,60
04172,"Anjuman College of Engineering & Technology, Nagpur",0417219110,Civil Engineering,60
04172,"Anjuman College of Engineering & Technology, Nagpur",0417224210,Computer Science and Engineering,120
04172,"Anjuman College of Engineering & Technology, Nagpur",0417226310,Artificial Intelligence (AI) and Data Science,60
04172,"Anjuman College of Engineering & Technology, Nagpur",0417229310,Electrical Engineering,60
04172,"Anjuman College of Engineering & Technology, Nagpur",0417237210,Electronics and Telecommunication Engg,60
04172,"Anjuman College of Engineering & Technology, Nagpur",0417261210,Mechanical Engineering,60
04175,"JMSS Shri Shankarprasad Agnihotri College of Engineering, Wardha",0417519110,Civil Engineering,60
04175,"JMSS Shri Shankarprasad Agnihotri College of Engineering, Wardha",0417524210,Computer Science and Engineering,60
04175,"JMSS Shri Shankarprasad Agnihotri College of Engineering, Wardha",0417537210,Electronics and Telecommunication Engg,60
04175,"JMSS Shri Shankarprasad Agnihotri College of Engineering, Wardha",0417561210,Mechanical Engineering,60
04175,"JMSS Shri Shankarprasad Agnihotri College of Engineering, Wardha",0417599710,Artificial Intelligence,60
04192,"Maitraya Education Society, Nagarjuna Institute of Engineering Technology & Management, Nagpur",0419219110,Civil Engineering,60
04192,"Maitraya Education Society, Nagarjuna Institute of Engineering Technology & Management, Nagpur",0419224210,Computer Science and Engineering,120
04192,"Maitraya Education Society, Nagarjuna Institute of Engineering Technology & Management, Nagpur",0419235610,Electrical Engg[Electronics and Power],60
04192,"Maitraya Education Society, Nagarjuna Institute of Engineering Technology & Management, Nagpur",0419261210,Mechanical Engineering,60
04192,"Maitraya Education Society, Nagarjuna Institute of Engineering Technology & Management, Nagpur",0419291110,"Computer Science and Engineering(Artificial
Intelligence and Machine Learning)",60
04196,"Gurunanak Educational Society's Gurunanak Institute of Technology, Nagpur",0419619110,Civil Engineering,30
04196,"Gurunanak Educational Society's Gurunanak Institute of Technology, Nagpur",0419624210,Computer Science and Engineering,60
04196,"Gurunanak Educational Society's Gurunanak Institute of Technology, Nagpur",0419637210,Electronics and Telecommunication Engg,60
04196,"Gurunanak Educational Society's Gurunanak Institute of Technology, Nagpur",0419661210,Mechanical Engineering,30
04196,"Gurunanak Educational Society's Gurunanak Institute of Technology, Nagpur",0419691010,Computer Science and Engineering(Cyber Security),60
04196,"Gurunanak Educational Society's Gurunanak Institute of Technology, Nagpur",0419691210,Computer Science and Engineering(Data Science),60
04196,"Gurunanak Educational Society's Gurunanak Institute of Technology, Nagpur",0419692110,Artificial Intelligence and Machine Learning,60
04197,"Jai Mahakali Shikshan Sanstha, Agnihotri College of Engineering, Sindhi(Meghe)",0419719110,Civil Engineering,30
04197,"Jai Mahakali Shikshan Sanstha, Agnihotri College of Engineering, Sindhi(Meghe)",0419724210,Computer Science and Engineering,60
04197,"Jai Mahakali Shikshan Sanstha, Agnihotri College of Engineering, Sindhi(Meghe)",0419729310,Electrical Engineering,60
04197,"Jai Mahakali Shikshan Sanstha, Agnihotri College of Engineering, Sindhi(Meghe)",0419737010,Electronics and Communication Engineering,30
04197,"Jai Mahakali Shikshan Sanstha, Agnihotri College of Engineering, Sindhi(Meghe)",0419761210,Mechanical Engineering,30
04302,"Gondia Education Society's Manoharbhai Patel Institute Of Engineering & Technology, Shahapur, Bhandara",0430219110,Civil Engineering,30
04302,"Gondia Education Society's Manoharbhai Patel Institute Of Engineering & Technology, Shahapur, Bhandara",0430224510,Computer Engineering,54
04302,"Gondia Education Society's Manoharbhai Patel Institute Of Engineering & Technology, Shahapur, Bhandara",0430261210,Mechanical Engineering,30
04304,"Cummins College of Engineering For Women, Sukhali (Gupchup), Tal. Hingna Hingna Nagpur",0430424550F,Computer Engineering,120
04304,"Cummins College of Engineering For Women, Sukhali (Gupchup), Tal. Hingna Hingna Nagpur",0430437250F,Electronics and Telecommunication Engg,60
04304,"Cummins College of Engineering For Women, Sukhali (Gupchup), Tal. Hingna Hingna Nagpur",0430461250F,Mechanical Engineering,60
04648,"R.V. Parankar College of Engineering & Technology, Arvi, Dist Wardha",0464819110,Civil Engineering,30
04648,"R.V. Parankar College of Engineering & Technology, Arvi, Dist Wardha",0464824210,Computer Science and Engineering,60
04648,"R.V. Parankar College of Engineering & Technology, Arvi, Dist Wardha",0464824610,Information Technology,30
04648,"R.V. Parankar College of Engineering & Technology, Arvi, Dist Wardha",0464829310,Electrical Engineering,30
04648,"R.V. Parankar College of Engineering & Technology, Arvi, Dist Wardha",0464861210,Mechanical Engineering,30
01005,"Sant Gadge Baba Amravati University,Amravati",0100550310,Food Technology,15
01005,"Sant Gadge Baba Amravati University,Amravati",0100551710,Oil and Paints Technology,15
01005,"Sant Gadge Baba Amravati University,Amravati",0100552410,Paper and Pulp Technology,15
01005,"Sant Gadge Baba Amravati University,Amravati",0100552710,Petro Chemical Engineering,15
01101,"Shri Sant Gajanan Maharaj College of Engineering,Shegaon",0110124210,Computer Science and Engineering,120
01101,"Shri Sant Gajanan Maharaj College of Engineering,Shegaon",0110124610,Information Technology,60
01101,"Shri Sant Gajanan Maharaj College of Engineering,Shegaon",0110135610,Electrical Engg[Electronics and Power],60
01101,"Shri Sant Gajanan Maharaj College of Engineering,Shegaon",0110137210,Electronics and Telecommunication Engg,120
01101,"Shri Sant Gajanan Maharaj College of Engineering,Shegaon",0110161210,Mechanical Engineering,60
01116,"Shri Shivaji Education Society's College of Engineering and Technology, Akola",0111619110,Civil Engineering,60
01116,"Shri Shivaji Education Society's College of Engineering and Technology, Akola",0111624210,Computer Science and Engineering,180
01116,"Shri Shivaji Education Society's College of Engineering and Technology, Akola",0111624610,Information Technology,120
01116,"Shri Shivaji Education Society's College of Engineering and Technology, Akola",0111650710,Chemical Engineering,60
01116,"Shri Shivaji Education Society's College of Engineering and Technology, Akola",0111661210,Mechanical Engineering,60
01117,"Janata Shikshan Prasarak Mandal’s Babasaheb Naik College Of Engineering, Pusad",0111719110,Civil Engineering,60
01117,"Janata Shikshan Prasarak Mandal’s Babasaheb Naik College Of Engineering, Pusad",0111724210,Computer Science and Engineering,180
01117,"Janata Shikshan Prasarak Mandal’s Babasaheb Naik College Of Engineering, Pusad",0111735610,Electrical Engg[Electronics and Power],60
01117,"Janata Shikshan Prasarak Mandal’s Babasaheb Naik College Of Engineering, Pusad",0111761210,Mechanical Engineering,60
01117,"Janata Shikshan Prasarak Mandal’s Babasaheb Naik College Of Engineering, Pusad",0111799510,Artificial Intelligence and Data Science,60
01119,ANURADHA COLLEGE OF ENGINEERING & TECHNOLOGY,0111924210,Computer Science and Engineering,120
01119,ANURADHA COLLEGE OF ENGINEERING & TECHNOLOGY,0111924610,Information Technology,60
01119,ANURADHA COLLEGE OF ENGINEERING & TECHNOLOGY,0111937210,Electronics and Telecommunication Engg,60
01119,ANURADHA COLLEGE OF ENGINEERING & TECHNOLOGY,0111950710,Chemical Engineering,45
01119,ANURADHA COLLEGE OF ENGINEERING & TECHNOLOGY,0111961210,Mechanical Engineering,60
01121,"Shri Hanuman Vyayam Prasarak Mandals College of Engineering & Technology, Amravati",0112124210,Computer Science and Engineering,120
01121,"Shri Hanuman Vyayam Prasarak Mandals College of Engineering & Technology, Amravati",0112124610,Information Technology,60
01121,"Shri Hanuman Vyayam Prasarak Mandals College of Engineering & Technology, Amravati",0112137210,Electronics and Telecommunication Engg,60
01121,"Shri Hanuman Vyayam Prasarak Mandals College of Engineering & Technology, Amravati",0112161210,Mechanical Engineering,60
01123,"Dr.Rajendra Gode Institute of Technology & Research, Amravati",0112319110,Civil Engineering,60
01123,"Dr.Rajendra Gode Institute of Technology & Research, Amravati",0112324210,Computer Science and Engineering,60
01123,"Dr.Rajendra Gode Institute of Technology & Research, Amravati",0112337210,Electronics and Telecommunication Engg,60
01123,"Dr.Rajendra Gode Institute of Technology & Research, Amravati",0112356810,Computer Science and Information Technology,60
01123,"Dr.Rajendra Gode Institute of Technology & Research, Amravati",0112361210,Mechanical Engineering,60
01123,"Dr.Rajendra Gode Institute of Technology & Research, Amravati",0112399510,Artificial Intelligence and Data Science,60
01125,"Dwarka Bahu Uddeshiya Gramin Vikas Foundation, Rajarshi Shahu College of Engineering, Buldhana",0112519110,Civil Engineering,60
01125,"Dwarka Bahu Uddeshiya Gramin Vikas Foundation, Rajarshi Shahu College of Engineering, Buldhana",0112524210,Computer Science and Engineering,60
01125,"Dwarka Bahu Uddeshiya Gramin Vikas Foundation, Rajarshi Shahu College of Engineering, Buldhana",0112526310,Artificial Intelligence (AI) and Data Science,60
01125,"Dwarka Bahu Uddeshiya Gramin Vikas Foundation, Rajarshi Shahu College of Engineering, Buldhana",0112529310,Electrical Engineering,30
01125,"Dwarka Bahu Uddeshiya Gramin Vikas Foundation, Rajarshi Shahu College of Engineering, Buldhana",0112561210,Mechanical Engineering,30
01126,"Takshashila Institute of Engineering & Technology, Darapur, Amravati",0112619110,Civil Engineering,60
01126,"Takshashila Institute of Engineering & Technology, Darapur, Amravati",0112624210,Computer Science and Engineering,120
01126,"Takshashila Institute of Engineering & Technology, Darapur, Amravati",0112629310,Electrical Engineering,60
01126,"Takshashila Institute of Engineering & Technology, Darapur, Amravati",0112661210,Mechanical Engineering,60
01126,"Takshashila Institute of Engineering & Technology, Darapur, Amravati",0112684410,Electronics and Computer Engineering,60
01128,"Prof Ram Meghe College of Engineering and Management, Badnera",0112819110,Civil Engineering,60
01128,"Prof Ram Meghe College of Engineering and Management, Badnera",0112824210,Computer Science and Engineering,120
01128,"Prof Ram Meghe College of Engineering and Management, Badnera",0112824610,Information Technology,120
01128,"Prof Ram Meghe College of Engineering and Management, Badnera",0112829310,Electrical Engineering,60
01128,"Prof Ram Meghe College of Engineering and Management, Badnera",0112837210,Electronics and Telecommunication Engg,60
01128,"Prof Ram Meghe College of Engineering and Management, Badnera",0112891210,Computer Science and Engineering(Data Science),60
01130,"Vision Buldhana Educational & Welfare Society's Pankaj Laddhad Institute of Technology & Management Studies, Yelgaon",0113019110,Civil Engineering,30
01130,"Vision Buldhana Educational & Welfare Society's Pankaj Laddhad Institute of Technology & Management Studies, Yelgaon",0113024210,Computer Science and Engineering,60
01130,"Vision Buldhana Educational & Welfare Society's Pankaj Laddhad Institute of Technology & Management Studies, Yelgaon",0113035610,Electrical Engg[Electronics and Power],30
01130,"Vision Buldhana Educational & Welfare Society's Pankaj Laddhad Institute of Technology & Management Studies, Yelgaon",0113037210,Electronics and Telecommunication Engg,30
01130,"Vision Buldhana Educational & Welfare Society's Pankaj Laddhad Institute of Technology & Management Studies, Yelgaon",0113061210,Mechanical Engineering,30
01180,"Sanmati Engineering College, Sawargaon Barde, Washim",0118019110,Civil Engineering,60
01180,"Sanmati Engineering College, Sawargaon Barde, Washim",0118024210,Computer Science and Engineering,60
01180,"Sanmati Engineering College, Sawargaon Barde, Washim",0118026310,Artificial Intelligence (AI) and Data Science,60
01180,"Sanmati Engineering College, Sawargaon Barde, Washim",0118029310,Electrical Engineering,60
01180,"Sanmati Engineering College, Sawargaon Barde, Washim",0118061210,Mechanical Engineering,60
01182,"Padmashri Dr. V.B. Kolte College of Engineering, Malkapur, Buldhana",0118219110,Civil Engineering,60
01182,"Padmashri Dr. V.B. Kolte College of Engineering, Malkapur, Buldhana",0118224210,Computer Science and Engineering,180
01182,"Padmashri Dr. V.B. Kolte College of Engineering, Malkapur, Buldhana",0118229310,Electrical Engineering,60
01182,"Padmashri Dr. V.B. Kolte College of Engineering, Malkapur, Buldhana",0118261210,Mechanical Engineering,60
01265,"Mauli Group of Institutions, College of Engineering and Technology, Shegaon.",0126519110,Civil Engineering,60
01265,"Mauli Group of Institutions, College of Engineering and Technology, Shegaon.",0126524210,Computer Science and Engineering,60
01265,"Mauli Group of Institutions, College of Engineering and Technology, Shegaon.",0126524610,Information Technology,60
01265,"Mauli Group of Institutions, College of Engineering and Technology, Shegaon.",0126535610,Electrical Engg[Electronics and Power],60
01265,"Mauli Group of Institutions, College of Engineering and Technology, Shegaon.",0126537210,Electronics and Telecommunication Engg,60
01265,"Mauli Group of Institutions, College of Engineering and Technology, Shegaon.",0126561210,Mechanical Engineering,60
01268,"Siddhivinayak Technical Campus, School of Engineering & Research Technology, Shirasgon, Nile",0126819110,Civil Engineering,30
01268,"Siddhivinayak Technical Campus, School of Engineering & Research Technology, Shirasgon, Nile",0126824210,Computer Science and Engineering,60
01268,"Siddhivinayak Technical Campus, School of Engineering & Research Technology, Shirasgon, Nile",0126835610,Electrical Engg[Electronics and Power],30
01268,"Siddhivinayak Technical Campus, School of Engineering & Research Technology, Shirasgon, Nile",0126837210,Electronics and Telecommunication Engg,30
01268,"Siddhivinayak Technical Campus, School of Engineering & Research Technology, Shirasgon, Nile",0126861210,Mechanical Engineering,30
01268,"Siddhivinayak Technical Campus, School of Engineering & Research Technology, Shirasgon, Nile",0126899510,Artificial Intelligence and Data Science,30
01276,"Manav School of Engineering & Technology, Gut No. 1035 Nagpur Surat Highway, NH No. 6 Tal.Vyala, Balapur, Akola, 444302",0127619110,Civil Engineering,60
01276,"Manav School of Engineering & Technology, Gut No. 1035 Nagpur Surat Highway, NH No. 6 Tal.Vyala, Balapur, Akola, 444302",0127624510,Computer Engineering,120
01276,"Manav School of Engineering & Technology, Gut No. 1035 Nagpur Surat Highway, NH No. 6 Tal.Vyala, Balapur, Akola, 444302",0127629310,Electrical Engineering,60
01276,"Manav School of Engineering & Technology, Gut No. 1035 Nagpur Surat Highway, NH No. 6 Tal.Vyala, Balapur, Akola, 444302",0127661210,Mechanical Engineering,27
05124,"Jagadamba Education Soc. Nashik's S.N.D. College of Engineering & Reserch, Babulgaon",0512419110,Civil Engineering,60
05124,"Jagadamba Education Soc. Nashik's S.N.D. College of Engineering & Reserch, Babulgaon",0512424510,Computer Engineering,120
05124,"Jagadamba Education Soc. Nashik's S.N.D. College of Engineering & Reserch, Babulgaon",0512424610,Information Technology,60
05124,"Jagadamba Education Soc. Nashik's S.N.D. College of Engineering & Reserch, Babulgaon",0512429310,Electrical Engineering,120
05124,"Jagadamba Education Soc. Nashik's S.N.D. College of Engineering & Reserch, Babulgaon",0512461210,Mechanical Engineering,60
05124,"Jagadamba Education Soc. Nashik's S.N.D. College of Engineering & Reserch, Babulgaon",0512462410,Mechatronics Engineering,60
05124,"Jagadamba Education Soc. Nashik's S.N.D. College of Engineering & Reserch, Babulgaon",0512484410,Electronics and Computer Engineering,60
05125,"Pravara Rural Education Society's Sir Visvesvaraya Institute of Technology, Chincholi Dist. Nashik",0512524510,Computer Engineering,60
05125,"Pravara Rural Education Society's Sir Visvesvaraya Institute of Technology, Chincholi Dist. Nashik",0512524610,Information Technology,60
05125,"Pravara Rural Education Society's Sir Visvesvaraya Institute of Technology, Chincholi Dist. Nashik",0512550710,Chemical Engineering,60
05125,"Pravara Rural Education Society's Sir Visvesvaraya Institute of Technology, Chincholi Dist. Nashik",0512584410,Electronics and Computer Engineering,60
05130,"Brahma Valley College of Engineering & Research, Trimbakeshwar, Nashik",0513019110,Civil Engineering,60
05130,"Brahma Valley College of Engineering & Research, Trimbakeshwar, Nashik",0513024510,Computer Engineering,60
05130,"Brahma Valley College of Engineering & Research, Trimbakeshwar, Nashik",0513029310,Electrical Engineering,60
05130,"Brahma Valley College of Engineering & Research, Trimbakeshwar, Nashik",0513061210,Mechanical Engineering,120
05139,"Pravara Rural College of Engineering, Loni, Pravaranagar, Ahmednagar.",0513919110,Civil Engineering,60
05139,"Pravara Rural College of Engineering, Loni, Pravaranagar, Ahmednagar.",0513924510,Computer Engineering,120
05139,"Pravara Rural College of Engineering, Loni, Pravaranagar, Ahmednagar.",0513924610,Information Technology,120
05139,"Pravara Rural College of Engineering, Loni, Pravaranagar, Ahmednagar.",0513937210,Electronics and Telecommunication Engg,60
05139,"Pravara Rural College of Engineering, Loni, Pravaranagar, Ahmednagar.",0513946410,Instrumentation and Control Engineering,60
05139,"Pravara Rural College of Engineering, Loni, Pravaranagar, Ahmednagar.",0513950710,Chemical Engineering,60
05139,"Pravara Rural College of Engineering, Loni, Pravaranagar, Ahmednagar.",0513961210,Mechanical Engineering,60
05139,"Pravara Rural College of Engineering, Loni, Pravaranagar, Ahmednagar.",0513984410,Electronics and Computer Engineering,60
05139,"Pravara Rural College of Engineering, Loni, Pravaranagar, Ahmednagar.",0513991610,Automation and Robotics,60
05139,"Pravara Rural College of Engineering, Loni, Pravaranagar, Ahmednagar.",0513999510,Artificial Intelligence and Data Science,60
05151,"MET Bhujbal Knowledge City MET League's Engineering College, Adgaon, Nashik.",0515119110,Civil Engineering,60
05151,"MET Bhujbal Knowledge City MET League's Engineering College, Adgaon, Nashik.",0515124510,Computer Engineering,120
05151,"MET Bhujbal Knowledge City MET League's Engineering College, Adgaon, Nashik.",0515124610,Information Technology,120
05151,"MET Bhujbal Knowledge City MET League's Engineering College, Adgaon, Nashik.",0515129310,Electrical Engineering,60
05151,"MET Bhujbal Knowledge City MET League's Engineering College, Adgaon, Nashik.",0515137210,Electronics and Telecommunication Engg,60
05151,"MET Bhujbal Knowledge City MET League's Engineering College, Adgaon, Nashik.",0515161210,Mechanical Engineering,120
05151,"MET Bhujbal Knowledge City MET League's Engineering College, Adgaon, Nashik.",0515184410,Electronics and Computer Engineering,60
05151,"MET Bhujbal Knowledge City MET League's Engineering College, Adgaon, Nashik.",0515199510,Artificial Intelligence and Data Science,120
05161,"Dr. Vithalrao Vikhe Patil College of Engineering, Ahmednagar",0516119110,Civil Engineering,60
05161,"Dr. Vithalrao Vikhe Patil College of Engineering, Ahmednagar",0516124510,Computer Engineering,90
05161,"Dr. Vithalrao Vikhe Patil College of Engineering, Ahmednagar",0516124610,Information Technology,90
05161,"Dr. Vithalrao Vikhe Patil College of Engineering, Ahmednagar",0516125710,Computer Science and Design,60
05161,"Dr. Vithalrao Vikhe Patil College of Engineering, Ahmednagar",0516129310,Electrical Engineering,60
05161,"Dr. Vithalrao Vikhe Patil College of Engineering, Ahmednagar",0516137210,Electronics and Telecommunication Engg,60
05161,"Dr. Vithalrao Vikhe Patil College of Engineering, Ahmednagar",0516137810,"Electronics Engineering ( VLSI Design and
Technology)",60
05161,"Dr. Vithalrao Vikhe Patil College of Engineering, Ahmednagar",0516161210,Mechanical Engineering,60
05161,"Dr. Vithalrao Vikhe Patil College of Engineering, Ahmednagar",0516199510,Artificial Intelligence and Data Science,60
05179,"Vishwabharati Academy's College of Engineering, Ahmednagar",0517919110,Civil Engineering,60
05179,"Vishwabharati Academy's College of Engineering, Ahmednagar",0517924510,Computer Engineering,90
05179,"Vishwabharati Academy's College of Engineering, Ahmednagar",0517926310,Artificial Intelligence (AI) and Data Science,60
05179,"Vishwabharati Academy's College of Engineering, Ahmednagar",0517929310,Electrical Engineering,60
05179,"Vishwabharati Academy's College of Engineering, Ahmednagar",0517961210,Mechanical Engineering,60
05179,"Vishwabharati Academy's College of Engineering, Ahmednagar",0517984410,Electronics and Computer Engineering,60
05181,"Gokhale Education Society's, R.H. Sapat College of Engineering, Management Studies and Research, Nashik",0518119110,Civil Engineering,60
05181,"Gokhale Education Society's, R.H. Sapat College of Engineering, Management Studies and Research, Nashik",0518124510,Computer Engineering,120
05181,"Gokhale Education Society's, R.H. Sapat College of Engineering, Management Studies and Research, Nashik",0518129310,Electrical Engineering,120
05181,"Gokhale Education Society's, R.H. Sapat College of Engineering, Management Studies and Research, Nashik",0518137210,Electronics and Telecommunication Engg,120
05181,"Gokhale Education Society's, R.H. Sapat College of Engineering, Management Studies and Research, Nashik",0518161210,Mechanical Engineering,120
05181,"Gokhale Education Society's, R.H. Sapat College of Engineering, Management Studies and Research, Nashik",0518199510,Artificial Intelligence and Data Science,60
05182,"Kalyani Charitable Trust, Late Gambhirrao Natuba Sapkal College of Engineering, Anjaneri, Trimbakeshwar Road, Nashik",0518219110,Civil Engineering,60
05182,"Kalyani Charitable Trust, Late Gambhirrao Natuba Sapkal College of Engineering, Anjaneri, Trimbakeshwar Road, Nashik",0518224510,Computer Engineering,120
05182,"Kalyani Charitable Trust, Late Gambhirrao Natuba Sapkal College of Engineering, Anjaneri, Trimbakeshwar Road, Nashik",0518226310,Artificial Intelligence (AI) and Data Science,120
05182,"Kalyani Charitable Trust, Late Gambhirrao Natuba Sapkal College of Engineering, Anjaneri, Trimbakeshwar Road, Nashik",0518229310,Electrical Engineering,60
05182,"Kalyani Charitable Trust, Late Gambhirrao Natuba Sapkal College of Engineering, Anjaneri, Trimbakeshwar Road, Nashik",0518237210,Electronics and Telecommunication Engg,60
05182,"Kalyani Charitable Trust, Late Gambhirrao Natuba Sapkal College of Engineering, Anjaneri, Trimbakeshwar Road, Nashik",0518261210,Mechanical Engineering,60
05184,"Amruta Vaishnavi Education & Welfare Trust's Shatabdi Institute of Engineering & Research, Agaskhind Tal. Sinnar",0518419110,Civil Engineering,27
05184,"Amruta Vaishnavi Education & Welfare Trust's Shatabdi Institute of Engineering & Research, Agaskhind Tal. Sinnar",0518424510,Computer Engineering,27
05184,"Amruta Vaishnavi Education & Welfare Trust's Shatabdi Institute of Engineering & Research, Agaskhind Tal. Sinnar",0518429310,Electrical Engineering,30
05184,"Amruta Vaishnavi Education & Welfare Trust's Shatabdi Institute of Engineering & Research, Agaskhind Tal. Sinnar",0518437210,Electronics and Telecommunication Engg,27
05184,"Amruta Vaishnavi Education & Welfare Trust's Shatabdi Institute of Engineering & Research, Agaskhind Tal. Sinnar",0518461210,Mechanical Engineering,27
05303,"Hon. Shri. Babanrao Pachpute Vichardhara Trust, Group of Institutions (Integrated Campus)-Parikrama, Kashti Shrigondha,",0530319110,Civil Engineering,60
05303,"Hon. Shri. Babanrao Pachpute Vichardhara Trust, Group of Institutions (Integrated Campus)-Parikrama, Kashti Shrigondha,",0530324510,Computer Engineering,120
05303,"Hon. Shri. Babanrao Pachpute Vichardhara Trust, Group of Institutions (Integrated Campus)-Parikrama, Kashti Shrigondha,",0530329310,Electrical Engineering,60
05303,"Hon. Shri. Babanrao Pachpute Vichardhara Trust, Group of Institutions (Integrated Campus)-Parikrama, Kashti Shrigondha,",0530361210,Mechanical Engineering,60
05303,"Hon. Shri. Babanrao Pachpute Vichardhara Trust, Group of Institutions (Integrated Campus)-Parikrama, Kashti Shrigondha,",0530384410,Electronics and Computer Engineering,60
05330,"PUNE VIDYARTHI GRIHA’S COLLEGE OF ENGINEERING & SHRIKRUSHNA S. DHAMANKAR INSTITUTE OF MANAGEMENT, NASHIK",0533024510,Computer Engineering,120
05330,"PUNE VIDYARTHI GRIHA’S COLLEGE OF ENGINEERING & SHRIKRUSHNA S. DHAMANKAR INSTITUTE OF MANAGEMENT, NASHIK",0533024610,Information Technology,120
05330,"PUNE VIDYARTHI GRIHA’S COLLEGE OF ENGINEERING & SHRIKRUSHNA S. DHAMANKAR INSTITUTE OF MANAGEMENT, NASHIK",0533037210,Electronics and Telecommunication Engg,60
05330,"PUNE VIDYARTHI GRIHA’S COLLEGE OF ENGINEERING & SHRIKRUSHNA S. DHAMANKAR INSTITUTE OF MANAGEMENT, NASHIK",0533061210,Mechanical Engineering,60
05330,"PUNE VIDYARTHI GRIHA’S COLLEGE OF ENGINEERING & SHRIKRUSHNA S. DHAMANKAR INSTITUTE OF MANAGEMENT, NASHIK",0533099510,Artificial Intelligence and Data Science,60
05331,"Sandip Foundation's, Sandip Institute of Engineering & Management, Nashik",0533119110,Civil Engineering,60
05331,"Sandip Foundation's, Sandip Institute of Engineering & Management, Nashik",0533124510,Computer Engineering,180
05331,"Sandip Foundation's, Sandip Institute of Engineering & Management, Nashik",0533124610,Information Technology,60
05331,"Sandip Foundation's, Sandip Institute of Engineering & Management, Nashik",0533129310,Electrical Engineering,60
05331,"Sandip Foundation's, Sandip Institute of Engineering & Management, Nashik",0533137210,Electronics and Telecommunication Engg,90
05331,"Sandip Foundation's, Sandip Institute of Engineering & Management, Nashik",0533161210,Mechanical Engineering,90
05331,"Sandip Foundation's, Sandip Institute of Engineering & Management, Nashik",0533199510,Artificial Intelligence and Data Science,60
05380,"Adsul's Technical Campus, Chas Dist. Ahmednagar",0538019110,Civil Engineering,90
05380,"Adsul's Technical Campus, Chas Dist. Ahmednagar",0538024510,Computer Engineering,180
05380,"Adsul's Technical Campus, Chas Dist. Ahmednagar",0538024610,Information Technology,120
05380,"Adsul's Technical Campus, Chas Dist. Ahmednagar",0538029310,Electrical Engineering,120
05380,"Adsul's Technical Campus, Chas Dist. Ahmednagar",0538037210,Electronics and Telecommunication Engg,60
05380,"Adsul's Technical Campus, Chas Dist. Ahmednagar",0538061210,Mechanical Engineering,120
05380,"Adsul's Technical Campus, Chas Dist. Ahmednagar",0538099510,Artificial Intelligence and Data Science,120
05382,"Ahmednagar Jilha Maratha Vidya Prasarak Samajache, Shri. Chhatrapati Shivaji Maharaj College of Engineering, Nepti",0538219110,Civil Engineering,60
05382,"Ahmednagar Jilha Maratha Vidya Prasarak Samajache, Shri. Chhatrapati Shivaji Maharaj College of Engineering, Nepti",0538221910,Robotics and Automation,60
05382,"Ahmednagar Jilha Maratha Vidya Prasarak Samajache, Shri. Chhatrapati Shivaji Maharaj College of Engineering, Nepti",0538224510,Computer Engineering,90
05382,"Ahmednagar Jilha Maratha Vidya Prasarak Samajache, Shri. Chhatrapati Shivaji Maharaj College of Engineering, Nepti",0538226310,Artificial Intelligence (AI) and Data Science,90
05382,"Ahmednagar Jilha Maratha Vidya Prasarak Samajache, Shri. Chhatrapati Shivaji Maharaj College of Engineering, Nepti",0538237210,Electronics and Telecommunication Engg,60
05382,"Ahmednagar Jilha Maratha Vidya Prasarak Samajache, Shri. Chhatrapati Shivaji Maharaj College of Engineering, Nepti",0538261210,Mechanical Engineering,60
05382,"Ahmednagar Jilha Maratha Vidya Prasarak Samajache, Shri. Chhatrapati Shivaji Maharaj College of Engineering, Nepti",0538292110,Artificial Intelligence and Machine Learning,60
05390,"K.V.N. Naik S. P. Sansth's Loknete Gopinathji Munde Institute of Engineering Education & Research, Nashik.",0539019110,Civil Engineering,60
05390,"K.V.N. Naik S. P. Sansth's Loknete Gopinathji Munde Institute of Engineering Education & Research, Nashik.",0539024510,Computer Engineering,60
05390,"K.V.N. Naik S. P. Sansth's Loknete Gopinathji Munde Institute of Engineering Education & Research, Nashik.",0539024610,Information Technology,60
05390,"K.V.N. Naik S. P. Sansth's Loknete Gopinathji Munde Institute of Engineering Education & Research, Nashik.",0539029310,Electrical Engineering,60
05390,"K.V.N. Naik S. P. Sansth's Loknete Gopinathji Munde Institute of Engineering Education & Research, Nashik.",0539061210,Mechanical Engineering,60
05390,"K.V.N. Naik S. P. Sansth's Loknete Gopinathji Munde Institute of Engineering Education & Research, Nashik.",0539092110,Artificial Intelligence and Machine Learning,60
05399,"Sanghavi College of Engineering, Varvandi, Nashik.",0539919110,Civil Engineering,60
05399,"Sanghavi College of Engineering, Varvandi, Nashik.",0539924510,Computer Engineering,60
05399,"Sanghavi College of Engineering, Varvandi, Nashik.",0539924610,Information Technology,60
05399,"Sanghavi College of Engineering, Varvandi, Nashik.",0539929310,Electrical Engineering,60
05399,"Sanghavi College of Engineering, Varvandi, Nashik.",0539961210,Mechanical Engineering,60
05399,"Sanghavi College of Engineering, Varvandi, Nashik.",0539992110,Artificial Intelligence and Machine Learning,60
05401,"Jawahar Education Society's Institute of Technology, Management & Research, Nashik.",0540119110,Civil Engineering,23
05401,"Jawahar Education Society's Institute of Technology, Management & Research, Nashik.",0540124510,Computer Engineering,120
05401,"Jawahar Education Society's Institute of Technology, Management & Research, Nashik.",0540124610,Information Technology,120
05401,"Jawahar Education Society's Institute of Technology, Management & Research, Nashik.",0540126310,Artificial Intelligence (AI) and Data Science,120
05401,"Jawahar Education Society's Institute of Technology, Management & Research, Nashik.",0540129310,Electrical Engineering,60
05401,"Jawahar Education Society's Institute of Technology, Management & Research, Nashik.",0540161210,Mechanical Engineering,23
05401,"Jawahar Education Society's Institute of Technology, Management & Research, Nashik.",0540184410,Electronics and Computer Engineering,60
05401,"Jawahar Education Society's Institute of Technology, Management & Research, Nashik.",0540191610,Automation and Robotics,60
05408,"Vidya Niketan College of Engineering, Bota Sangamner",0540819110,Civil Engineering,60
05408,"Vidya Niketan College of Engineering, Bota Sangamner",0540824510,Computer Engineering,60
05408,"Vidya Niketan College of Engineering, Bota Sangamner",0540829310,Electrical Engineering,30
05408,"Vidya Niketan College of Engineering, Bota Sangamner",0540837210,Electronics and Telecommunication Engg,60
05408,"Vidya Niketan College of Engineering, Bota Sangamner",0540861210,Mechanical Engineering,60
05409,"Rajiv Gandhi College of Engineering, At Post Karjule Hariya Tal.Parner, Dist.Ahmednagar",0540924510,Computer Engineering,120
05409,"Rajiv Gandhi College of Engineering, At Post Karjule Hariya Tal.Parner, Dist.Ahmednagar",0540929310,Electrical Engineering,60
05409,"Rajiv Gandhi College of Engineering, At Post Karjule Hariya Tal.Parner, Dist.Ahmednagar",0540937210,Electronics and Telecommunication Engg,60
05409,"Rajiv Gandhi College of Engineering, At Post Karjule Hariya Tal.Parner, Dist.Ahmednagar",0540961210,Mechanical Engineering,120
05411,"Maulana Mukhtar Ahmad Nadvi Technical Campus, Malegaon.",0541119110,Civil Engineering,30
05411,"Maulana Mukhtar Ahmad Nadvi Technical Campus, Malegaon.",0541124510,Computer Engineering,120
05411,"Maulana Mukhtar Ahmad Nadvi Technical Campus, Malegaon.",0541129310,Electrical Engineering,30
05411,"Maulana Mukhtar Ahmad Nadvi Technical Campus, Malegaon.",0541137210,Electronics and Telecommunication Engg,30
05411,"Maulana Mukhtar Ahmad Nadvi Technical Campus, Malegaon.",0541161210,Mechanical Engineering,30
05418,"Guru Gobind Singh College of Engineering & Research Centre, Nashik.",0541819110,Civil Engineering,60
05418,"Guru Gobind Singh College of Engineering & Research Centre, Nashik.",0541824510,Computer Engineering,120
05418,"Guru Gobind Singh College of Engineering & Research Centre, Nashik.",0541826310,Artificial Intelligence (AI) and Data Science,120
05418,"Guru Gobind Singh College of Engineering & Research Centre, Nashik.",0541829310,Electrical Engineering,60
05418,"Guru Gobind Singh College of Engineering & Research Centre, Nashik.",0541861210,Mechanical Engineering,60
05418,"Guru Gobind Singh College of Engineering & Research Centre, Nashik.",0541891610,Automation and Robotics,60
06004,"Government College of Engineering & Research, Avasari Khurd",0600419110,Civil Engineering,60
06004,"Government College of Engineering & Research, Avasari Khurd",0600424510,Computer Engineering,60
06004,"Government College of Engineering & Research, Avasari Khurd",0600437210,Electronics and Telecommunication Engg,60
06004,"Government College of Engineering & Research, Avasari Khurd",0600446410,Instrumentation and Control Engineering,60
06004,"Government College of Engineering & Research, Avasari Khurd",0600460210,Automobile Engineering,60
06004,"Government College of Engineering & Research, Avasari Khurd",0600461210,Mechanical Engineering,60
06122,"TSSMS's Pd. Vasantdada Patil Institute of Technology, Bavdhan, Pune",0612219110,Civil Engineering,60
06122,"TSSMS's Pd. Vasantdada Patil Institute of Technology, Bavdhan, Pune",0612224510,Computer Engineering,180
06122,"TSSMS's Pd. Vasantdada Patil Institute of Technology, Bavdhan, Pune",0612237210,Electronics and Telecommunication Engg,120
06122,"TSSMS's Pd. Vasantdada Patil Institute of Technology, Bavdhan, Pune",0612261210,Mechanical Engineering,120
06122,"TSSMS's Pd. Vasantdada Patil Institute of Technology, Bavdhan, Pune",0612291210,Computer Science and Engineering(Data Science),120
06138,"Genba Sopanrao Moze Trust Parvatibai Genba Moze College of Engineering,Wagholi, Pune",0613819110,Civil Engineering,30
06138,"Genba Sopanrao Moze Trust Parvatibai Genba Moze College of Engineering,Wagholi, Pune",0613824510,Computer Engineering,120
06138,"Genba Sopanrao Moze Trust Parvatibai Genba Moze College of Engineering,Wagholi, Pune",0613824610,Information Technology,90
06138,"Genba Sopanrao Moze Trust Parvatibai Genba Moze College of Engineering,Wagholi, Pune",0613826310,Artificial Intelligence (AI) and Data Science,90
06138,"Genba Sopanrao Moze Trust Parvatibai Genba Moze College of Engineering,Wagholi, Pune",0613837210,Electronics and Telecommunication Engg,60
06138,"Genba Sopanrao Moze Trust Parvatibai Genba Moze College of Engineering,Wagholi, Pune",0613861210,Mechanical Engineering,30
06144,"Genba Sopanrao Moze College of Engineering, Baner-Balewadi, Pune",0614419110,Civil Engineering,30
06144,"Genba Sopanrao Moze College of Engineering, Baner-Balewadi, Pune",0614424510,Computer Engineering,150
06144,"Genba Sopanrao Moze College of Engineering, Baner-Balewadi, Pune",0614424610,Information Technology,90
06144,"Genba Sopanrao Moze College of Engineering, Baner-Balewadi, Pune",0614437210,Electronics and Telecommunication Engg,30
06144,"Genba Sopanrao Moze College of Engineering, Baner-Balewadi, Pune",0614461210,Mechanical Engineering,30
06144,"Genba Sopanrao Moze College of Engineering, Baner-Balewadi, Pune",0614492110,Artificial Intelligence and Machine Learning,60
06144,"Genba Sopanrao Moze College of Engineering, Baner-Balewadi, Pune",0614499510,Artificial Intelligence and Data Science,90
06145,"JSPM'S Jaywantrao Sawant College of Engineering,Pune",0614524510,Computer Engineering,120
06145,"JSPM'S Jaywantrao Sawant College of Engineering,Pune",0614524610,Information Technology,120
06145,"JSPM'S Jaywantrao Sawant College of Engineering,Pune",0614526310,Artificial Intelligence (AI) and Data Science,60
06145,"JSPM'S Jaywantrao Sawant College of Engineering,Pune",0614529310,Electrical Engineering,60
06145,"JSPM'S Jaywantrao Sawant College of Engineering,Pune",0614537210,Electronics and Telecommunication Engg,120
06145,"JSPM'S Jaywantrao Sawant College of Engineering,Pune",0614561210,Mechanical Engineering,120
06149,"Siddhant College of Engineering, A/p Sudumbare, Tal.Maval, Dist-Pune",0614919110,Civil Engineering,60
06149,"Siddhant College of Engineering, A/p Sudumbare, Tal.Maval, Dist-Pune",0614924510,Computer Engineering,180
06149,"Siddhant College of Engineering, A/p Sudumbare, Tal.Maval, Dist-Pune",0614924610,Information Technology,60
06149,"Siddhant College of Engineering, A/p Sudumbare, Tal.Maval, Dist-Pune",0614925310,Internet of Things (IoT),60
06149,"Siddhant College of Engineering, A/p Sudumbare, Tal.Maval, Dist-Pune",0614929310,Electrical Engineering,60
06149,"Siddhant College of Engineering, A/p Sudumbare, Tal.Maval, Dist-Pune",0614937210,Electronics and Telecommunication Engg,60
06149,"Siddhant College of Engineering, A/p Sudumbare, Tal.Maval, Dist-Pune",0614961210,Mechanical Engineering,60
06149,"Siddhant College of Engineering, A/p Sudumbare, Tal.Maval, Dist-Pune",0614984410,Electronics and Computer Engineering,120
06149,"Siddhant College of Engineering, A/p Sudumbare, Tal.Maval, Dist-Pune",0614992110,Artificial Intelligence and Machine Learning,120
06149,"Siddhant College of Engineering, A/p Sudumbare, Tal.Maval, Dist-Pune",0614999510,Artificial Intelligence and Data Science,120
06177,"Sinhgad College of Engineering, Vadgaon (BK), Pune",0617708210,Bio Technology,60
06177,"Sinhgad College of Engineering, Vadgaon (BK), Pune",0617719110,Civil Engineering,180
06177,"Sinhgad College of Engineering, Vadgaon (BK), Pune",0617724510,Computer Engineering,180
06177,"Sinhgad College of Engineering, Vadgaon (BK), Pune",0617724610,Information Technology,120
06177,"Sinhgad College of Engineering, Vadgaon (BK), Pune",0617737210,Electronics and Telecommunication Engg,240
06177,"Sinhgad College of Engineering, Vadgaon (BK), Pune",0617750710,Chemical Engineering,60
06177,"Sinhgad College of Engineering, Vadgaon (BK), Pune",0617761210,Mechanical Engineering,300
06178,"Sinhgad Technical Education Society's Smt. Kashibai Navale College of Engineering,Vadgaon,Pune",0617824510,Computer Engineering,300
06178,"Sinhgad Technical Education Society's Smt. Kashibai Navale College of Engineering,Vadgaon,Pune",0617824610,Information Technology,120
06178,"Sinhgad Technical Education Society's Smt. Kashibai Navale College of Engineering,Vadgaon,Pune",0617837210,Electronics and Telecommunication Engg,300
06178,"Sinhgad Technical Education Society's Smt. Kashibai Navale College of Engineering,Vadgaon,Pune",0617861210,Mechanical Engineering,330
06182,"Sinhgad Technical Education Society, Sinhgad Institute of Technology and Science, Narhe (Ambegaon)",0618219110,Civil Engineering,120
06182,"Sinhgad Technical Education Society, Sinhgad Institute of Technology and Science, Narhe (Ambegaon)",0618224510,Computer Engineering,120
06182,"Sinhgad Technical Education Society, Sinhgad Institute of Technology and Science, Narhe (Ambegaon)",0618224610,Information Technology,60
06182,"Sinhgad Technical Education Society, Sinhgad Institute of Technology and Science, Narhe (Ambegaon)",0618237210,Electronics and Telecommunication Engg,120
06182,"Sinhgad Technical Education Society, Sinhgad Institute of Technology and Science, Narhe (Ambegaon)",0618261210,Mechanical Engineering,90
06183,"Al-Ameen Educational and Medical Foundation, College of Engineering, Koregaon, Bhima",0618324510,Computer Engineering,54
06183,"Al-Ameen Educational and Medical Foundation, College of Engineering, Koregaon, Bhima",0618337210,Electronics and Telecommunication Engg,30
06183,"Al-Ameen Educational and Medical Foundation, College of Engineering, Koregaon, Bhima",0618361210,Mechanical Engineering,54
06185,Sinhgad Institute of Technology,0618524510,Computer Engineering,180
06185,Sinhgad Institute of Technology,0618524610,Information Technology,60
06185,Sinhgad Institute of Technology,0618529310,Electrical Engineering,60
06185,Sinhgad Institute of Technology,0618537210,Electronics and Telecommunication Engg,120
06185,Sinhgad Institute of Technology,0618561210,Mechanical Engineering,210
06187,"Sinhgad Academy of Engineering, Kondhwa (BK) Kondhwa-Saswad Road, Pune",0618719110,Civil Engineering,90
06187,"Sinhgad Academy of Engineering, Kondhwa (BK) Kondhwa-Saswad Road, Pune",0618724510,Computer Engineering,180
06187,"Sinhgad Academy of Engineering, Kondhwa (BK) Kondhwa-Saswad Road, Pune",0618724610,Information Technology,60
06187,"Sinhgad Academy of Engineering, Kondhwa (BK) Kondhwa-Saswad Road, Pune",0618737210,Electronics and Telecommunication Engg,120
06187,"Sinhgad Academy of Engineering, Kondhwa (BK) Kondhwa-Saswad Road, Pune",0618761210,Mechanical Engineering,150
06203,"Marathwada Mitra Mandal's Institute of Technology, Lohgaon, Pune",0620319110,Civil Engineering,60
06203,"Marathwada Mitra Mandal's Institute of Technology, Lohgaon, Pune",0620324510,Computer Engineering,120
06203,"Marathwada Mitra Mandal's Institute of Technology, Lohgaon, Pune",0620326610,Robotics and Artificial Intelligence,60
06203,"Marathwada Mitra Mandal's Institute of Technology, Lohgaon, Pune",0620361210,Mechanical Engineering,90
06203,"Marathwada Mitra Mandal's Institute of Technology, Lohgaon, Pune",0620362410,Mechatronics Engineering,60
06203,"Marathwada Mitra Mandal's Institute of Technology, Lohgaon, Pune",0620399510,Artificial Intelligence and Data Science,120
06206,"Pune District Education Association's College of Engineering, Manjari(Bk), Hadapsar, Pune",0620624510,Computer Engineering,180
06206,"Pune District Education Association's College of Engineering, Manjari(Bk), Hadapsar, Pune",0620624610,Information Technology,60
06206,"Pune District Education Association's College of Engineering, Manjari(Bk), Hadapsar, Pune",0620637210,Electronics and Telecommunication Engg,60
06206,"Pune District Education Association's College of Engineering, Manjari(Bk), Hadapsar, Pune",0620661210,Mechanical Engineering,60
06206,"Pune District Education Association's College of Engineering, Manjari(Bk), Hadapsar, Pune",0620699510,Artificial Intelligence and Data Science,60
06207,"Dr. D. Y. Patil Unitech Society's Dr. D. Y. Patil Institute of Technology, Pimpri, Pune",0620719110,Civil Engineering,120
06207,"Dr. D. Y. Patil Unitech Society's Dr. D. Y. Patil Institute of Technology, Pimpri, Pune",0620724510,Computer Engineering,240
06207,"Dr. D. Y. Patil Unitech Society's Dr. D. Y. Patil Institute of Technology, Pimpri, Pune",0620724610,Information Technology,60
06207,"Dr. D. Y. Patil Unitech Society's Dr. D. Y. Patil Institute of Technology, Pimpri, Pune",0620729310,Electrical Engineering,60
06207,"Dr. D. Y. Patil Unitech Society's Dr. D. Y. Patil Institute of Technology, Pimpri, Pune",0620737210,Electronics and Telecommunication Engg,180
06207,"Dr. D. Y. Patil Unitech Society's Dr. D. Y. Patil Institute of Technology, Pimpri, Pune",0620746610,Instrumentation Engineering,30
06207,"Dr. D. Y. Patil Unitech Society's Dr. D. Y. Patil Institute of Technology, Pimpri, Pune",0620761210,Mechanical Engineering,180
06207,"Dr. D. Y. Patil Unitech Society's Dr. D. Y. Patil Institute of Technology, Pimpri, Pune",0620791610,Automation and Robotics,60
06207,"Dr. D. Y. Patil Unitech Society's Dr. D. Y. Patil Institute of Technology, Pimpri, Pune",0620799510,Artificial Intelligence and Data Science,180
06275,"Shivnagar Vidya Prasarak Mandal's College of Engineering, Malegaon-Baramati",0627519110,Civil Engineering,60
06275,"Shivnagar Vidya Prasarak Mandal's College of Engineering, Malegaon-Baramati",0627524510,Computer Engineering,120
06275,"Shivnagar Vidya Prasarak Mandal's College of Engineering, Malegaon-Baramati",0627524610,Information Technology,60
06275,"Shivnagar Vidya Prasarak Mandal's College of Engineering, Malegaon-Baramati",0627529310,Electrical Engineering,60
06275,"Shivnagar Vidya Prasarak Mandal's College of Engineering, Malegaon-Baramati",0627537210,Electronics and Telecommunication Engg,60
06275,"Shivnagar Vidya Prasarak Mandal's College of Engineering, Malegaon-Baramati",0627561210,Mechanical Engineering,60
06275,"Shivnagar Vidya Prasarak Mandal's College of Engineering, Malegaon-Baramati",0627562410,Mechatronics Engineering,60
06275,"Shivnagar Vidya Prasarak Mandal's College of Engineering, Malegaon-Baramati",0627592110,Artificial Intelligence and Machine Learning,60
06281,"Modern Education Society's Wadia College of Engineering, Pune",0628124510,Computer Engineering,240
06281,"Modern Education Society's Wadia College of Engineering, Pune",0628137210,Electronics and Telecommunication Engg,120
06281,"Modern Education Society's Wadia College of Engineering, Pune",0628161210,Mechanical Engineering,120
06281,"Modern Education Society's Wadia College of Engineering, Pune",0628191610,Automation and Robotics,60
06285,"Bharati Vidyapeeth's College of Engineering for Women, Katraj, Dhankawadi, Pune",0628524550F,Computer Engineering,180
06285,"Bharati Vidyapeeth's College of Engineering for Women, Katraj, Dhankawadi, Pune",0628524650F,Information Technology,60
06285,"Bharati Vidyapeeth's College of Engineering for Women, Katraj, Dhankawadi, Pune",0628537250F,Electronics and Telecommunication Engg,120
06285,"Bharati Vidyapeeth's College of Engineering for Women, Katraj, Dhankawadi, Pune",0628592150F,Artificial Intelligence and Machine Learning,60
06307,"Dhole Patil Education Society, Dhole Patil College of Engineering, Wagholi, Tal. Haveli",0630724510,Computer Engineering,120
06307,"Dhole Patil Education Society, Dhole Patil College of Engineering, Wagholi, Tal. Haveli",0630724610,Information Technology,60
06307,"Dhole Patil Education Society, Dhole Patil College of Engineering, Wagholi, Tal. Haveli",0630737210,Electronics and Telecommunication Engg,60
06307,"Dhole Patil Education Society, Dhole Patil College of Engineering, Wagholi, Tal. Haveli",0630760210,Automobile Engineering,60
06311,"Jayawant Shikshan Prasarak Mandal, Bhivarabai Sawant Institute of Technology & Research, Wagholi",0631124510,Computer Engineering,180
06311,"Jayawant Shikshan Prasarak Mandal, Bhivarabai Sawant Institute of Technology & Research, Wagholi",0631124610,Information Technology,120
06311,"Jayawant Shikshan Prasarak Mandal, Bhivarabai Sawant Institute of Technology & Research, Wagholi",0631129310,Electrical Engineering,60
06311,"Jayawant Shikshan Prasarak Mandal, Bhivarabai Sawant Institute of Technology & Research, Wagholi",0631137210,Electronics and Telecommunication Engg,60
06311,"Jayawant Shikshan Prasarak Mandal, Bhivarabai Sawant Institute of Technology & Research, Wagholi",0631161210,Mechanical Engineering,120
06319,"Shahajirao Patil Vikas Pratishthan, S.B.Patil College of Engineering, Vangali, Tal. Indapur",0631919110,Civil Engineering,60
06319,"Shahajirao Patil Vikas Pratishthan, S.B.Patil College of Engineering, Vangali, Tal. Indapur",0631924510,Computer Engineering,120
06319,"Shahajirao Patil Vikas Pratishthan, S.B.Patil College of Engineering, Vangali, Tal. Indapur",0631924610,Information Technology,30
06319,"Shahajirao Patil Vikas Pratishthan, S.B.Patil College of Engineering, Vangali, Tal. Indapur",0631926310,Artificial Intelligence (AI) and Data Science,30
06319,"Shahajirao Patil Vikas Pratishthan, S.B.Patil College of Engineering, Vangali, Tal. Indapur",0631929310,Electrical Engineering,60
06319,"Shahajirao Patil Vikas Pratishthan, S.B.Patil College of Engineering, Vangali, Tal. Indapur",0631937210,Electronics and Telecommunication Engg,60
06319,"Shahajirao Patil Vikas Pratishthan, S.B.Patil College of Engineering, Vangali, Tal. Indapur",0631961210,Mechanical Engineering,30
06320,"K.J.'s Educational Institute's K.J.College of Engineering & Management Research, Pisoli",0632019110,Civil Engineering,60
06320,"K.J.'s Educational Institute's K.J.College of Engineering & Management Research, Pisoli",0632024510,Computer Engineering,180
06320,"K.J.'s Educational Institute's K.J.College of Engineering & Management Research, Pisoli",0632029310,Electrical Engineering,60
06320,"K.J.'s Educational Institute's K.J.College of Engineering & Management Research, Pisoli",0632037210,Electronics and Telecommunication Engg,60
06320,"K.J.'s Educational Institute's K.J.College of Engineering & Management Research, Pisoli",0632037810,"Electronics Engineering ( VLSI Design and
Technology)",60
06320,"K.J.'s Educational Institute's K.J.College of Engineering & Management Research, Pisoli",0632061210,Mechanical Engineering,90
06320,"K.J.'s Educational Institute's K.J.College of Engineering & Management Research, Pisoli",0632092810,"Electronics and Communication(Advanced
Communication Technology)",60
06322,"Shree Gajanan Maharaj Shikshan Prasarak Manda'l Sharadchandra Pawar College of Engineering, Dumbarwadi",0632224510,Computer Engineering,60
06322,"Shree Gajanan Maharaj Shikshan Prasarak Manda'l Sharadchandra Pawar College of Engineering, Dumbarwadi",0632237210,Electronics and Telecommunication Engg,60
06322,"Shree Gajanan Maharaj Shikshan Prasarak Manda'l Sharadchandra Pawar College of Engineering, Dumbarwadi",0632261210,Mechanical Engineering,30
06322,"Shree Gajanan Maharaj Shikshan Prasarak Manda'l Sharadchandra Pawar College of Engineering, Dumbarwadi",0632292110,Artificial Intelligence and Machine Learning,60
06324,Rajgad Technical Campus,0632419110,Civil Engineering,60
06324,Rajgad Technical Campus,0632424510,Computer Engineering,90
06324,Rajgad Technical Campus,0632426310,Artificial Intelligence (AI) and Data Science,90
06324,Rajgad Technical Campus,0632437210,Electronics and Telecommunication Engg,60
06324,Rajgad Technical Campus,0632461210,Mechanical Engineering,60
06325,"Alard Charitable Trust's Alard College of Engineering and Management, Pune",0632519110,Civil Engineering,30
06325,"Alard Charitable Trust's Alard College of Engineering and Management, Pune",0632524510,Computer Engineering,60
06325,"Alard Charitable Trust's Alard College of Engineering and Management, Pune",0632525710,Computer Science and Design,60
06325,"Alard Charitable Trust's Alard College of Engineering and Management, Pune",0632529310,Electrical Engineering,30
06325,"Alard Charitable Trust's Alard College of Engineering and Management, Pune",0632537210,Electronics and Telecommunication Engg,60
06325,"Alard Charitable Trust's Alard College of Engineering and Management, Pune",0632537810,"Electronics Engineering ( VLSI Design and
Technology)",60
06325,"Alard Charitable Trust's Alard College of Engineering and Management, Pune",0632561210,Mechanical Engineering,60
06325,"Alard Charitable Trust's Alard College of Engineering and Management, Pune",0632592110,Artificial Intelligence and Machine Learning,60
06325,"Alard Charitable Trust's Alard College of Engineering and Management, Pune",0632593310,"Electronics and Communication (Advanced
Communication Technology)",60
06609,"Jaihind College Of Engineering,Kuran",0660919110,Civil Engineering,30
06609,"Jaihind College Of Engineering,Kuran",0660924510,Computer Engineering,120
06609,"Jaihind College Of Engineering,Kuran",0660926310,Artificial Intelligence (AI) and Data Science,120
06609,"Jaihind College Of Engineering,Kuran",0660937210,Electronics and Telecommunication Engg,60
06609,"Jaihind College Of Engineering,Kuran",0660961210,Mechanical Engineering,60
06609,"Jaihind College Of Engineering,Kuran",0660984410,Electronics and Computer Engineering,60
06622,ISBM College Of Engineering Pune,0662224510,Computer Engineering,180
06622,ISBM College Of Engineering Pune,0662237210,Electronics and Telecommunication Engg,30
06622,ISBM College Of Engineering Pune,0662237810,"Electronics Engineering ( VLSI Design and
Technology)",60
06622,ISBM College Of Engineering Pune,0662256610,Computer Science,60
06622,ISBM College Of Engineering Pune,0662261210,Mechanical Engineering,60
06622,ISBM College Of Engineering Pune,0662292110,Artificial Intelligence and Machine Learning,120
06622,ISBM College Of Engineering Pune,0662299510,Artificial Intelligence and Data Science,120
06625,"Universal College of Engineering & Research, Sasewadi",0662519110,Civil Engineering,23
06625,"Universal College of Engineering & Research, Sasewadi",0662524510,Computer Engineering,15
06625,"Universal College of Engineering & Research, Sasewadi",0662529310,Electrical Engineering,23
06625,"Universal College of Engineering & Research, Sasewadi",0662561210,Mechanical Engineering,30
06628,"Dattakala Group Of Institutions, Swami - Chincholi Tal. Daund Dist. Pune",0662819110,Civil Engineering,30
06628,"Dattakala Group Of Institutions, Swami - Chincholi Tal. Daund Dist. Pune",0662824510,Computer Engineering,120
06628,"Dattakala Group Of Institutions, Swami - Chincholi Tal. Daund Dist. Pune",0662826310,Artificial Intelligence (AI) and Data Science,60
06628,"Dattakala Group Of Institutions, Swami - Chincholi Tal. Daund Dist. Pune",0662829310,Electrical Engineering,60
06628,"Dattakala Group Of Institutions, Swami - Chincholi Tal. Daund Dist. Pune",0662861210,Mechanical Engineering,30
06628,"Dattakala Group Of Institutions, Swami - Chincholi Tal. Daund Dist. Pune",0662884410,Electronics and Computer Engineering,60
06632,Navsahyadri Education Society's Group of Institutions,0663219110,Civil Engineering,30
06632,Navsahyadri Education Society's Group of Institutions,0663224510,Computer Engineering,240
06632,Navsahyadri Education Society's Group of Institutions,0663229310,Electrical Engineering,60
06632,Navsahyadri Education Society's Group of Institutions,0663237210,Electronics and Telecommunication Engg,60
06632,Navsahyadri Education Society's Group of Institutions,0663261210,Mechanical Engineering,60
06632,Navsahyadri Education Society's Group of Institutions,0663292110,Artificial Intelligence and Machine Learning,120
06632,Navsahyadri Education Society's Group of Institutions,0663299510,Artificial Intelligence and Data Science,120
06634,"KJEI's Trinity Academy of Engineering, Yewalewadi, Pune",0663419110,Civil Engineering,30
06634,"KJEI's Trinity Academy of Engineering, Yewalewadi, Pune",0663424510,Computer Engineering,90
06634,"KJEI's Trinity Academy of Engineering, Yewalewadi, Pune",0663424610,Information Technology,90
06634,"KJEI's Trinity Academy of Engineering, Yewalewadi, Pune",0663437210,Electronics and Telecommunication Engg,120
06634,"KJEI's Trinity Academy of Engineering, Yewalewadi, Pune",0663461210,Mechanical Engineering,30
06635,Samarth College of Engineering and Management,0663519110,Civil Engineering,30
06635,Samarth College of Engineering and Management,0663524510,Computer Engineering,120
06635,Samarth College of Engineering and Management,0663529310,Electrical Engineering,60
06635,Samarth College of Engineering and Management,0663537210,Electronics and Telecommunication Engg,60
06635,Samarth College of Engineering and Management,0663561210,Mechanical Engineering,60
06635,Samarth College of Engineering and Management,0663591210,Computer Science and Engineering(Data Science),30
06635,Samarth College of Engineering and Management,0663592110,Artificial Intelligence and Machine Learning,60
06649,"TSSM's Bhivarabai Sawant College of Engineering and Research, Narhe, Pune",0664919110,Civil Engineering,60
06649,"TSSM's Bhivarabai Sawant College of Engineering and Research, Narhe, Pune",0664924510,Computer Engineering,180
06649,"TSSM's Bhivarabai Sawant College of Engineering and Research, Narhe, Pune",0664929310,Electrical Engineering,60
06649,"TSSM's Bhivarabai Sawant College of Engineering and Research, Narhe, Pune",0664937210,Electronics and Telecommunication Engg,60
06649,"TSSM's Bhivarabai Sawant College of Engineering and Research, Narhe, Pune",0664961210,Mechanical Engineering,60
06732,"Ajeenkya DY Patil School of Engineering, Lohegaon, Pune",0673219110,Civil Engineering,120
06732,"Ajeenkya DY Patil School of Engineering, Lohegaon, Pune",0673224510,Computer Engineering,180
06732,"Ajeenkya DY Patil School of Engineering, Lohegaon, Pune",0673237210,Electronics and Telecommunication Engg,180
06732,"Ajeenkya DY Patil School of Engineering, Lohegaon, Pune",0673261210,Mechanical Engineering,180
06732,"Ajeenkya DY Patil School of Engineering, Lohegaon, Pune",0673299510,Artificial Intelligence and Data Science,180
06755,"JSPM Narhe Technical Campus, Pune.",0675519110,Civil Engineering,120
06755,"JSPM Narhe Technical Campus, Pune.",0675524510,Computer Engineering,120
06755,"JSPM Narhe Technical Campus, Pune.",0675526310,Artificial Intelligence (AI) and Data Science,60
06755,"JSPM Narhe Technical Campus, Pune.",0675537210,Electronics and Telecommunication Engg,60
06755,"JSPM Narhe Technical Campus, Pune.",0675561210,Mechanical Engineering,120
06758,"Sahyadri Valley College of Engineering & Technology, Rajuri, Pune.",0675819110,Civil Engineering,30
06758,"Sahyadri Valley College of Engineering & Technology, Rajuri, Pune.",0675824510,Computer Engineering,60
06758,"Sahyadri Valley College of Engineering & Technology, Rajuri, Pune.",0675837210,Electronics and Telecommunication Engg,30
06758,"Sahyadri Valley College of Engineering & Technology, Rajuri, Pune.",0675861210,Mechanical Engineering,30
06758,"Sahyadri Valley College of Engineering & Technology, Rajuri, Pune.",0675892110,Artificial Intelligence and Machine Learning,30
06758,"Sahyadri Valley College of Engineering & Technology, Rajuri, Pune.",0675899510,Artificial Intelligence and Data Science,60
06759,"Shree Ramchandra College of Engineering, Lonikand,Pune",0675919110,Civil Engineering,30
06759,"Shree Ramchandra College of Engineering, Lonikand,Pune",0675924510,Computer Engineering,60
06759,"Shree Ramchandra College of Engineering, Lonikand,Pune",0675929310,Electrical Engineering,30
06759,"Shree Ramchandra College of Engineering, Lonikand,Pune",0675961210,Mechanical Engineering,30
06759,"Shree Ramchandra College of Engineering, Lonikand,Pune",0675999510,Artificial Intelligence and Data Science,60
06767,"Suman Ramesh Tulsiani Technical Campus: Faculty of Engineering, Kamshet,Pune.",0676719110,Civil Engineering,30
06767,"Suman Ramesh Tulsiani Technical Campus: Faculty of Engineering, Kamshet,Pune.",0676724510,Computer Engineering,180
06767,"Suman Ramesh Tulsiani Technical Campus: Faculty of Engineering, Kamshet,Pune.",0676724610,Information Technology,120
06767,"Suman Ramesh Tulsiani Technical Campus: Faculty of Engineering, Kamshet,Pune.",0676761210,Mechanical Engineering,30
06767,"Suman Ramesh Tulsiani Technical Campus: Faculty of Engineering, Kamshet,Pune.",0676791210,Computer Science and Engineering(Data Science),60
06767,"Suman Ramesh Tulsiani Technical Campus: Faculty of Engineering, Kamshet,Pune.",0676799510,Artificial Intelligence and Data Science,120
06768,"P.K. Technical Campus, Pune.",0676824510,Computer Engineering,60
06768,"P.K. Technical Campus, Pune.",0676861210,Mechanical Engineering,60
06769,"Rasiklal M. Dhariwal Sinhgad Technical Institutes Campus, Warje, Pune.",0676919110,Civil Engineering,90
06769,"Rasiklal M. Dhariwal Sinhgad Technical Institutes Campus, Warje, Pune.",0676924510,Computer Engineering,120
06769,"Rasiklal M. Dhariwal Sinhgad Technical Institutes Campus, Warje, Pune.",0676924610,Information Technology,60
06769,"Rasiklal M. Dhariwal Sinhgad Technical Institutes Campus, Warje, Pune.",0676937210,Electronics and Telecommunication Engg,60
06769,"Rasiklal M. Dhariwal Sinhgad Technical Institutes Campus, Warje, Pune.",0676961210,Mechanical Engineering,150
06770,"SKN Sinhgad Institute of Technology & Science, Kusgaon(BK),Pune.",0677024510,Computer Engineering,120
06770,"SKN Sinhgad Institute of Technology & Science, Kusgaon(BK),Pune.",0677024610,Information Technology,60
06770,"SKN Sinhgad Institute of Technology & Science, Kusgaon(BK),Pune.",0677061210,Mechanical Engineering,30
06771,"Flora Institute of Technology, Khopi, Near Khed Shivapur Toll Plaza, Pune",0677119110,Civil Engineering,30
06771,"Flora Institute of Technology, Khopi, Near Khed Shivapur Toll Plaza, Pune",0677124510,Computer Engineering,60
06771,"Flora Institute of Technology, Khopi, Near Khed Shivapur Toll Plaza, Pune",0677161210,Mechanical Engineering,60
06772,"NBN Sinhgad Technical Institutes Campus, Pune",0677224510,Computer Engineering,120
06772,"NBN Sinhgad Technical Institutes Campus, Pune",0677224610,Information Technology,60
06772,"NBN Sinhgad Technical Institutes Campus, Pune",0677229310,Electrical Engineering,60
06772,"NBN Sinhgad Technical Institutes Campus, Pune",0677237210,Electronics and Telecommunication Engg,60
06772,"NBN Sinhgad Technical Institutes Campus, Pune",0677261210,Mechanical Engineering,150
06794,"Anantrao Pawar College of Engineering & Research, Pune",0679419110,Civil Engineering,60
06794,"Anantrao Pawar College of Engineering & Research, Pune",0679424510,Computer Engineering,60
06794,"Anantrao Pawar College of Engineering & Research, Pune",0679424610,Information Technology,60
06794,"Anantrao Pawar College of Engineering & Research, Pune",0679437210,Electronics and Telecommunication Engg,60
06794,"Anantrao Pawar College of Engineering & Research, Pune",0679437810,"Electronics Engineering ( VLSI Design and
Technology)",60
06794,"Anantrao Pawar College of Engineering & Research, Pune",0679461210,Mechanical Engineering,60
06794,"Anantrao Pawar College of Engineering & Research, Pune",0679492810,"Electronics and Communication(Advanced
Communication Technology)",60
06794,"Anantrao Pawar College of Engineering & Research, Pune",0679499510,Artificial Intelligence and Data Science,60
06795,"Shri.Someshwar Shikshan Prasarak Mandal, Sharadchandra Pawar College of Engineering & Technology, Someshwar Nagar",0679519110,Civil Engineering,30
06795,"Shri.Someshwar Shikshan Prasarak Mandal, Sharadchandra Pawar College of Engineering & Technology, Someshwar Nagar",0679524510,Computer Engineering,120
06795,"Shri.Someshwar Shikshan Prasarak Mandal, Sharadchandra Pawar College of Engineering & Technology, Someshwar Nagar",0679529310,Electrical Engineering,30
06795,"Shri.Someshwar Shikshan Prasarak Mandal, Sharadchandra Pawar College of Engineering & Technology, Someshwar Nagar",0679561210,Mechanical Engineering,30
06796,"Bharati Vidyapeeth's College of Engineering,Lavale, Pune",0679619110,Civil Engineering,60
06796,"Bharati Vidyapeeth's College of Engineering,Lavale, Pune",0679624510,Computer Engineering,120
06796,"Bharati Vidyapeeth's College of Engineering,Lavale, Pune",0679637210,Electronics and Telecommunication Engg,60
06796,"Bharati Vidyapeeth's College of Engineering,Lavale, Pune",0679661210,Mechanical Engineering,60
06808,"Keystone School of Engineering, Pune",0680824510,Computer Engineering,180
06808,"Keystone School of Engineering, Pune",0680826310,Artificial Intelligence (AI) and Data Science,180
06808,"Keystone School of Engineering, Pune",0680837210,Electronics and Telecommunication Engg,54
06808,"Keystone School of Engineering, Pune",0680861210,Mechanical Engineering,60
06815,"Vidya Prasarini Sabha's College of Engineering & Technology, Lonavala",0681519110,Civil Engineering,30
06815,"Vidya Prasarini Sabha's College of Engineering & Technology, Lonavala",0681524510,Computer Engineering,30
06815,"Vidya Prasarini Sabha's College of Engineering & Technology, Lonavala",0681561210,Mechanical Engineering,60
06991,"Dr. D.Y. Patil Technical Campus, Varale, Talegaon, Pune",0699124510,Computer Engineering,180
06991,"Dr. D.Y. Patil Technical Campus, Varale, Talegaon, Pune",0699156610,Computer Science,180
06991,"Dr. D.Y. Patil Technical Campus, Varale, Talegaon, Pune",0699184410,Electronics and Computer Engineering,120
06991,"Dr. D.Y. Patil Technical Campus, Varale, Talegaon, Pune",0699199510,Artificial Intelligence and Data Science,120
16355,Audyogik Shikshan Mandal's Nextgen Technical Campus,1635524210,Computer Science and Engineering,180
16355,Audyogik Shikshan Mandal's Nextgen Technical Campus,1635524610,Information Technology,60
16355,Audyogik Shikshan Mandal's Nextgen Technical Campus,1635584410,Electronics and Computer Engineering,60
16355,Audyogik Shikshan Mandal's Nextgen Technical Campus,1635592110,Artificial Intelligence and Machine Learning,60
06028,"Department of Technology, Shivaji University, Kolhapur",0602819110,Civil Engineering,60
06028,"Department of Technology, Shivaji University, Kolhapur",0602825410,Computer Science and Technology,60
06028,"Department of Technology, Shivaji University, Kolhapur",0602837210,Electronics and Telecommunication Engg,60
06028,"Department of Technology, Shivaji University, Kolhapur",0602850310,Food Technology,60
06028,"Department of Technology, Shivaji University, Kolhapur",0602850710,Chemical Engineering,60
06028,"Department of Technology, Shivaji University, Kolhapur",0602861210,Mechanical Engineering,60
06288,"Bharati Vidyapeeth's College of Engineering, Kolhapur",0628819110,Civil Engineering,60
06288,"Bharati Vidyapeeth's College of Engineering, Kolhapur",0628824210,Computer Science and Engineering,120
06288,"Bharati Vidyapeeth's College of Engineering, Kolhapur",0628837210,Electronics and Telecommunication Engg,60
06288,"Bharati Vidyapeeth's College of Engineering, Kolhapur",0628861210,Mechanical Engineering,60
06288,"Bharati Vidyapeeth's College of Engineering, Kolhapur",0628891110,"Computer Science and Engineering(Artificial
Intelligence and Machine Learning)",60
06303,"Dr. Ashok Gujar Technical Institute's Dr. Daulatrao Aher College of Engineering, Karad",0630399510,Artificial Intelligence and Data Science,60
06303,"Dr. Ashok Gujar Technical Institute's Dr. Daulatrao Aher College of Engineering, Karad",0630319110,Civil Engineering,60
06303,"Dr. Ashok Gujar Technical Institute's Dr. Daulatrao Aher College of Engineering, Karad",0630324210,Computer Science and Engineering,60
06303,"Dr. Ashok Gujar Technical Institute's Dr. Daulatrao Aher College of Engineering, Karad",0630337210,Electronics and Telecommunication Engg,60
06303,"Dr. Ashok Gujar Technical Institute's Dr. Daulatrao Aher College of Engineering, Karad",0630361210,Mechanical Engineering,60
06803,"Sant Gajanan Maharaj College of Engineering, Gadhinglaj",0680319110,Civil Engineering,60
06803,"Sant Gajanan Maharaj College of Engineering, Gadhinglaj",0680324210,Computer Science and Engineering,60
06803,"Sant Gajanan Maharaj College of Engineering, Gadhinglaj",0680329310,Electrical Engineering,60
06803,"Sant Gajanan Maharaj College of Engineering, Gadhinglaj",0680337210,Electronics and Telecommunication Engg,60
06803,"Sant Gajanan Maharaj College of Engineering, Gadhinglaj",0680337910,"ELECTRONICS AND COMMUNICATION
ENGINEERING (BIO-MEDICAL ENGINEERING)",30
06803,"Sant Gajanan Maharaj College of Engineering, Gadhinglaj",0680361210,Mechanical Engineering,60
06803,"Sant Gajanan Maharaj College of Engineering, Gadhinglaj",0680391110,"Computer Science and Engineering(Artificial
Intelligence and Machine Learning)",30
06839,"Dr. D Y Patil Pratishthan's College of Engineering, Kolhapur",0683919110,Civil Engineering,60
06839,"Dr. D Y Patil Pratishthan's College of Engineering, Kolhapur",0683924210,Computer Science and Engineering,180
06839,"Dr. D Y Patil Pratishthan's College of Engineering, Kolhapur",0683929310,Electrical Engineering,60
06839,"Dr. D Y Patil Pratishthan's College of Engineering, Kolhapur",0683991210,Computer Science and Engineering(Data Science),60
06878,"Dr. A. D. Shinde College Of Engineering, Tal.Gadhinglaj, Kolhapur",0687819110,Civil Engineering,30
06878,"Dr. A. D. Shinde College Of Engineering, Tal.Gadhinglaj, Kolhapur",0687819190L,Civil Engineering,30
06878,"Dr. A. D. Shinde College Of Engineering, Tal.Gadhinglaj, Kolhapur",0687824210,Computer Science and Engineering,60
06878,"Dr. A. D. Shinde College Of Engineering, Tal.Gadhinglaj, Kolhapur",0687825910,"Mechanical and Mechatronics Engineering (Additive
Manufacturing)",60
06878,"Dr. A. D. Shinde College Of Engineering, Tal.Gadhinglaj, Kolhapur",0687890010,Electronics and Computer Science,120
06878,"Dr. A. D. Shinde College Of Engineering, Tal.Gadhinglaj, Kolhapur",0687891110,"Computer Science and Engineering(Artificial
Intelligence and Machine Learning)",30
06878,"Dr. A. D. Shinde College Of Engineering, Tal.Gadhinglaj, Kolhapur",0687892610,Electrical and Computer Engineering,60
03035,"Usha Mittal Institute of Technology SNDT Women's University, Mumbai",0303524550F,Computer Engineering,60
03035,"Usha Mittal Institute of Technology SNDT Women's University, Mumbai",0303524650F,Information Technology,60
03035,"Usha Mittal Institute of Technology SNDT Women's University, Mumbai",0303525450F,Computer Science and Technology,60
03035,"Usha Mittal Institute of Technology SNDT Women's University, Mumbai",0303537050F,Electronics and Communication Engineering,60
03035,"Usha Mittal Institute of Technology SNDT Women's University, Mumbai",0303591750F,Data Science,60
03035,"Usha Mittal Institute of Technology SNDT Women's University, Mumbai",0303599750F,Artificial Intelligence,60
